Title,Author,Score,Created_UTC,URL
LMAO,Gildorlnglorion,9596,2024-10-27 12:47:03,https://i.redd.it/d2owqm9voaxd1.png
There it is,SeriChanArts,7584,2024-12-10 08:57:44,https://i.redd.it/vxds6427kz5e1.png
Men are simple creatures,shaymster,7142,2024-09-11 10:32:15,https://v.redd.it/tia8hjjyq5od1
Memes,Ok-Nefariousness1335,7184,2024-01-17 21:13:50,https://i.redd.it/pzqg1u7jg2dc1.jpeg
Makes sense,Successful-Friend-13,6689,2024-09-18 05:04:18,https://i.redd.it/8h021d0w2ipd1.jpeg
Video games in 2024 be like...,kenny4351,6425,2024-09-17 13:21:50,https://v.redd.it/rudgs5ioedpd1
"This man was alone responsible for Blizzard never taking questions from real people ever again
",LizzyAllure,6324,2024-11-19 12:43:39,https://i.redd.it/bx8kf63ctu1e1.jpeg
Return to Monke,N/A,6026,2024-08-22 05:33:43,https://i.redd.it/gv4h7lyij5kd1.jpeg
Hear me out,-Lamiel-,5908,2024-06-08 23:16:25,https://i.redd.it/qpaw4jzqkf5d1.png
Why can't all games be like this? ,OVERLORDno1,5286,2024-06-30 10:18:48,https://v.redd.it/t4o7mgc1qo9d1
"What an absolute waste
",Sad_Ad_8941,5418,2024-11-28 09:18:39,https://i.redd.it/v638qp8z0m3e1.jpeg
Graphics aren't the most important thing in a game,simplemalk,5284,2024-09-30 20:36:26,https://i.redd.it/dwxov50zb0sd1.jpeg
he didnt know LMAO,No_Personality_2698,5097,2024-06-05 16:26:44,https://v.redd.it/2vjiau3x4s4d1
"Paris, the most beautiful city in the world",N/A,4984,2024-07-16 13:06:57,https://v.redd.it/y50knxmhqvcd1
Kojima has the right idea,HomelessAnalBead,4739,2024-06-08 00:10:56,https://i.redd.it/jb1gnhlkp85d1.jpeg
Real,Swachuu,4885,2024-09-18 19:22:15,https://i.redd.it/ztiwh89ybmpd1.jpeg
It's happening boys,KaiserZoldyck,4784,2024-10-28 18:06:15,https://i.redd.it/n5j6f4iuejxd1.jpeg
I am calm.,Wilrawr89,4498,2024-09-10 04:35:32,https://v.redd.it/tz55iflguwnd1
Still $95mil down the drain,Nihilun,4452,2024-08-16 08:16:26,https://i.redd.it/0rf5pc5mizid1.png
At what point does he become a villain? if ever,Valandor,4640,2024-09-16 03:40:06,https://i.redd.it/gtn6gtvxd3pd1.jpeg
This G-fuel Commercial ,zwillnas,4289,2024-05-28 10:58:47,https://v.redd.it/5euar2u3f53d1
All this vtuber beef be like,Abject-Ad-6644,4192,2024-09-23 05:10:45,https://i.redd.it/jnegrphishqd1.jpeg
LMAO,N/A,4494,2024-04-14 15:40:54,https://i.redd.it/qebdnj6ctguc1.png
What did he mean by this?,N/A,4086,2024-09-16 16:40:02,https://i.redd.it/bc41uhh597pd1.png
Oh how times have changed,Jgerior,4264,2024-06-29 05:57:13,https://v.redd.it/bypsyi8zff9d1
Get ready for gacha game slop,RX1542,3967,2024-10-05 13:38:54,https://i.redd.it/1i5q60k6xxsd1.jpeg
Asmon is Always. Two. Steps. Ahead.,ADirtyCasual,3944,2024-09-08 06:24:42,https://i.redd.it/0lpr2ff14jnd1.jpeg
"Dear Asmon, thank you! I lost 70kg in 12 months because of you! You are not fat shaming, you are just telling the truth. It may hurt others but people like me need to be told the truth. My 2024 has been amazing and you are a part of the reason why! More power and sorry I never subbed on the main ch.",gcf--,4362,2024-12-11 10:44:37,https://v.redd.it/at4m6dhh776e1
PC gamer at it again,tannehillbilly,3944,2024-12-09 17:12:26,https://i.redd.it/38ak1hmjvu5e1.jpeg
71yr old veteran still popping heads,Abject-Ad-6644,3864,2024-04-11 07:43:26,https://v.redd.it/c4gzytq81ttc1
Based ,EtoDesu,3888,2024-09-03 22:07:11,https://i.redd.it/yhcdiagb3omd1.png
let's check in on Ubisoft,janky_79,3815,2024-12-19 17:53:02,https://i.redd.it/z8z0vt18fu7e1.jpeg
It started it all ,Snicker10101,3834,2024-10-22 07:04:54,https://i.redd.it/yvori11db9wd1.jpeg
It's not for anyone,WetRolls,3719,2024-09-15 06:17:27,https://i.redd.it/2x1spxd71xod1.jpeg
Plot twist within plot twist,Serados14,3695,2024-10-18 03:30:18,https://i.redd.it/cbvcpxjapfvd1.png
THIS is the fighting game we all want! ,CreativeGiggle,3635,2024-10-24 11:29:45,https://v.redd.it/mstb51wwvowd1
It makes all too much sense,zedocax,3644,2024-03-17 14:50:22,https://i.redd.it/5bkd70rspwoc1.png
8 Years in development.. ,DeadgrounD,3594,2024-08-29 19:18:06,https://i.redd.it/qvpx8yhzknld1.jpeg
The First Descendant GYATTTT,Existing_Library5311,3562,2024-09-20 00:50:14,https://v.redd.it/cwizxwna3vpd1
I love greentexts man,Ok-Nefariousness1335,3607,2024-01-28 22:45:46,https://i.redd.it/4hvm01nye9fc1.jpeg
PC master race,Alearic006,3540,2024-10-02 12:33:12,https://i.redd.it/vxxpkelq7csd1.jpeg
Not the flying system üòÇ,Alius_AZA,3587,2024-02-13 17:49:52,https://v.redd.it/haj2l6sq4eic1
They couldn't hold it in.,ItheraelFF,3530,2024-07-08 16:06:25,https://v.redd.it/9rj8n5vbjbbd1
This man is a goddamn hero!,Leoxwhite,3507,2024-09-14 14:18:05,https://v.redd.it/bcod8m7t9sod1
"Fs in the chat, boys. üòî",SGTDoomer,3510,2024-12-16 02:13:12,https://i.redd.it/dk4g2cnhd47e1.jpeg
At least they are honest about it ‚ò†Ô∏è,xareua,3543,2024-06-02 10:45:41,https://www.reddit.com/gallery/1d6akr3
The man has responded ,vidic17,3481,2024-09-30 14:51:18,https://i.redd.it/xky05mzjmyrd1.jpeg
"Never change, korea",iLuv_Phat_Sluts_69,3535,2024-07-31 14:50:58,https://i.redd.it/792j0w1wavfd1.jpeg
"It was just a mistake guys, trust me ",Gildorlnglorion,3550,2024-11-09 07:30:23,https://i.redd.it/3drz0us6wtzd1.png
I MADE AN ASMONGOLD HORROR GAME: House Of Torment | Release Trailer ,Leoxwhite,3444,2024-07-05 09:14:28,https://v.redd.it/epcpkblz2oad1
"Apes together strong.
",miroslav887,3484,2024-08-25 10:19:26,https://i.redd.it/v5j5hus6dskd1.jpeg
"Ok.... Twice now, im convinced hes also a fan.",matt_rumsey1212,3432,2024-12-01 07:07:05,https://i.redd.it/zqquscz8s64e1.png
This video is banned in the UK,Fernmelder,3596,2024-08-12 02:46:31,https://v.redd.it/aysr0swkc5id1
"I mean, it summarizes 2024 pretty well.",LexFrenchy,3407,2024-12-13 23:59:40,https://i.redd.it/qk0vxpgofp6e1.jpeg
I see nothing wrong with this,Valandor,3407,2024-04-30 17:21:54,https://i.redd.it/bmwo279yhnxc1.jpeg
It's rather simple. ,Popular-Wind-1921,3750,2024-09-05 13:26:56,https://i.redd.it/8xacshodszmd1.png
I'm shooting off,Snoo61478,3444,2024-04-04 09:42:57,https://i.redd.it/rrvy3x6cofsc1.gif
True and Real,WingingEnd4,3341,2024-07-07 11:29:16,https://v.redd.it/rsv5b8iq03bd1
Thank you Ryan,Capital_Ability8332,3347,2024-11-02 05:00:42,https://i.redd.it/5l4683l97fyd1.png
It's nice to see when people actually get it,IllustriousRub9796,3327,2024-12-16 04:45:19,https://i.redd.it/3zol2zbl457e1.jpeg
OMG,IllustriousRub9796,3344,2024-12-19 08:35:05,https://i.redd.it/6rle9cwcor7e1.jpeg
I have terrible news üò•,FrankTheTnkk,3297,2024-09-21 00:21:57,https://i.redd.it/bw09ll2932qd1.jpeg
Omg is it true guys? ,N/A,3292,2024-12-18 16:34:47,https://i.redd.it/k6ew0m41xm7e1.jpeg
Least cinematic helldivers 2 moment,No_Personality_2698,3287,2024-04-24 02:50:26,https://v.redd.it/t2wyvs6zccwc1
Japanese Vtubers are going wildüíÄ,Guddu277,3281,2024-09-13 07:41:16,https://v.redd.it/v0hsjp776jod1
Arrowhead's CEO reply.,Existing_Library5311,3266,2024-02-20 19:32:17,https://i.redd.it/pljf7n8alsjc1.png
All according to plan,Tibaqman,2957,2024-10-01 11:22:34,https://i.redd.it/ztmmky58q4sd1.jpeg
Asmon Vibe Lately,TeddyDaBeastWoot,2928,2024-11-22 10:52:16,https://i.redd.it/hoav9k08of2e1.jpeg
Accurate,Tasty-Cookie-9595,2999,2024-09-17 11:09:37,https://i.redd.it/fe5skmg5rcpd1.jpeg
"Memes are getting better
",Lacryman,2890,2024-11-01 16:07:10,https://v.redd.it/obb0u966dbyd1
They're just Orcs,DeadgrounD,2938,2024-08-31 00:37:22,https://i.redd.it/4ags7nvuawld1.jpeg
She‚Äôs spittin,IllustriousRub9796,2975,2024-02-18 16:58:34,https://v.redd.it/6o2xt024kdjc1
"Twitch facing an apocalypse, meanwhile Asmongold:",MasterKaein,2875,2024-10-26 14:30:19,https://i.redd.it/py7ag6ii24xd1.gif
Didnt she try to ruin his life and career a lot of times?,Leoxwhite,3002,2024-09-11 17:22:16,https://i.redd.it/2f2ww9s2s7od1.png
well well well,ArgentVampire,2852,2024-10-29 01:17:19,https://www.reddit.com/gallery/1geiu4d
"Lmao, if you're stressed at work, you're fired ü§£",PusheenMaster,2903,2024-12-09 08:09:41,https://i.redd.it/mm3gahmg6s5e1.png
The internet is a shameless place,slyffr,2890,2024-10-03 00:44:56,https://i.redd.it/7bwkm5aaufsd1.jpeg
HBO W ,Kilohaili_Joshi,2826,2024-11-21 20:17:23,https://i.redd.it/7wqwnpztab2e1.png
I don't understand poverty tourism.,Vempire1412,2791,2024-10-04 20:44:29,https://i.redd.it/witiu4txdqsd1.gif
Life of Henry,terriblerex,2882,2024-06-17 11:19:56,https://i.redd.it/bfmzghr4947d1.jpeg
NY's governor imagining what black kids in the Bronx are like,Xchixm,2869,2024-05-08 13:14:08,https://v.redd.it/keu5zunnc7zc1
Awesome take on fast travel,Alternative-Drive643,2726,2024-05-22 07:04:31,https://v.redd.it/ydwbqjk5gs1d1
Laughing is not allowed!,Krazedkarl,2761,2024-11-29 13:27:50,https://i.redd.it/hmcvjx08eu3e1.jpeg
South Korea Parliament watching Johnny Somali's clips of disrespecting Korean's Comfort Women statue,trailer8k,2717,2024-11-01 23:42:42,https://v.redd.it/7zcl1d34mdyd1
Modern dayisms? ü§£,badrott1989,2724,2024-08-22 11:36:13,https://i.redd.it/ac4d7sw6c7kd1.png
let him cook. ,madvilIain,2712,2024-05-15 05:46:10,https://v.redd.it/1762b6je3j0d1
Ya boi chilling right now ,StarboyBellyjewel,2701,2024-10-26 17:11:53,https://v.redd.it/1imy1sfav4xd1
The Japanese found out,canadakeroro,2698,2024-10-13 17:28:32,https://x.com/La_Pla/status/1844815532375322998
Truly a mystery,Vox_RT,2688,2024-09-04 23:31:04,https://i.redd.it/guyrl9pknvmd1.jpeg
So it seems,Tasty-Cookie-9595,2689,2024-09-25 13:14:22,https://i.redd.it/eq847sapgyqd1.jpeg
Is it really surprising?,ItheraelFF,2695,2024-09-07 01:19:10,https://i.redd.it/woyxnqeogand1.jpeg
JDAM Piker announced he is moving to Japan,Planetary_Taco,2759,2024-11-06 11:08:37,https://i.redd.it/cl10toujk9zd1.jpeg
Uno Reverse Card,ItheraelFF,2682,2024-04-25 01:53:14,https://v.redd.it/5rm7wm1j7jwc1
"You Asked, I Deliver",mrtejack,2664,2024-11-06 10:34:00,https://i.redd.it/yg90l9e9e9zd1.jpeg
Peru classifies trans and nonbinary people as ‚Äúmentally ill‚Äù,IllustriousRub9796,2670,2024-05-15 20:10:19,https://i.redd.it/yiwpr7zmdn0d1.jpeg
Twitter is at it again,barksonic,2776,2024-06-27 13:47:40,https://i.redd.it/ws8l22slc49d1.jpeg
Well...,ItheraelFF,2635,2024-09-11 00:03:23,https://i.redd.it/puo91a5rm2od1.jpeg
I like how the community note shuts them down!,Capital_Ability8332,2634,2024-11-10 00:10:09,https://i.redd.it/llyuou1quyzd1.jpeg
Culture is really shifting,Bright-Repeat-4616,2882,2024-07-16 19:58:59,https://i.redd.it/lpr52336sxcd1.jpeg
Congressional letter has been sent to the leadership of both Amazon and Twitch,Snicker10101,2959,2024-10-30 19:20:56,https://i.redd.it/pqxi9irz1yxd1.png
Balatro dev calls out double standards with PEGI 18+ rating.,Falhor,2621,2024-12-16 14:29:15,https://i.redd.it/tqzc5n7t087e1.png
And so it begins,Paddy32,2797,2024-12-16 08:05:34,https://i.redd.it/wki4s6p9467e1.png
Lara Disrespect,DaddyBraddy123,2592,2024-10-14 19:30:50,https://i.redd.it/w65wxwu6xrud1.jpeg
It all made sense‚Ä¶,Snoo61478,2592,2024-01-07 11:53:56,https://v.redd.it/bs4bwhaib0bc1
"""I NEED STITCHES""",Cypher1643,2577,2024-11-23 17:02:52,https://i.redd.it/4s8tu9h6no2e1.png
The moment Johnny Somali realized that Thailand is not like Japan.,Existing_Library5311,2655,2024-03-28 05:00:27,https://v.redd.it/ca823k9eb0rc1
jesus ,Snoo81658,2567,2024-08-27 17:44:28,https://i.redd.it/26be1pdgu8ld1.jpeg
The Twitch situation is starting to catch the attention of real politicians,kenny4351,2560,2024-10-27 20:11:42,https://www.reddit.com/gallery/1gdk237
Bro flew thousands of miles...just to get friend-zoned...,Gildorlnglorion,2658,2024-05-26 16:26:03,https://i.redd.it/kblxc5zdrs2d1.png
Who‚Äôs gonna tell her? ,Jahz_,2566,2024-09-04 20:04:11,https://v.redd.it/fn6jar3mmumd1
Is this real life?,mayankpi,2561,2024-10-09 15:52:24,https://v.redd.it/tou1j6zm5rtd1
PlayStation Reverses Account Linking,HeatproofArmin,2554,2024-05-06 04:07:27,https://i.redd.it/5g3wt8fhdqyc1.png
"Ubisoft didn't give a f*ck back then (Yes, They made this game)!!",Bright_space9652,2550,2024-10-12 13:34:42,https://v.redd.it/91hd450fvbud1
Guys they need money,Badlymoejoe,2544,2024-09-12 04:46:00,https://i.redd.it/01ud6ho06bod1.png
Well... ,samygrandao,2546,2024-08-28 14:36:09,https://i.redd.it/fo89p9qr1fld1.jpeg
Gamers have always been the forefront of representation,MakeDawn,2540,2024-10-30 16:15:21,https://i.redd.it/rox6f0uq4xxd1.png
It's now on a whole new level xD ,Equilybrium,2547,2024-11-20 16:43:13,https://i.redd.it/plunbqfu432e1.jpeg
heyyeyaaeyaaaeyaeyaa,Leetgamer85,2527,2023-12-31 14:39:40,https://v.redd.it/89zd0vgm6n9c1
‚ÄúRate community note‚Äù,Awis,2516,2024-10-22 17:19:10,https://i.redd.it/8xr8wynzccwd1.jpeg
Nuisance influencer Johnny Somali has been arrested in Israel for harassing a female police officer.,notregular,2796,2024-04-07 19:25:27,https://v.redd.it/6fcwpf40z3tc1
The Rise of my Tomb Raider,Serados14,2515,2024-10-09 12:19:44,https://v.redd.it/4zmygaqm3qtd1
True,Unusual-Ad-582,2501,2024-09-10 01:13:33,https://i.redd.it/kpobvjffuvnd1.jpeg
You know it. I know it. Everybody knows it.,Nihilun,2493,2024-12-12 07:30:34,https://i.redd.it/lzgpu9jaed6e1.jpeg
"Goodbye, Jaguar.",RX1542,2484,2024-11-21 04:03:21,https://i.redd.it/uule5c59i62e1.jpeg
Gaming isn't the victim ,BobaBloom9454,2481,2024-12-16 01:45:49,https://i.redd.it/jqjmk8tl847e1.jpeg
Here we fucking go again...,Dezag23,2757,2024-09-05 15:52:26,https://i.redd.it/911sz9a2e0nd1.jpeg
üòÖüòÇüòÇüòÇ,matt_rumsey1212,2457,2024-12-14 17:51:39,https://i.redd.it/6lq9syi3ru6e1.jpeg
The duality of Steam players,Master-Bowl7060,2524,2024-12-03 12:06:21,https://i.redd.it/wkr4t61fjm4e1.jpeg
Every Asmon fan right now,KaiserZoldyck,2465,2024-10-17 17:46:23,https://i.redd.it/zliljl2xscvd1.gif
Reality ,Lost_Decision1078,2454,2024-09-18 23:19:38,https://i.redd.it/86jnlb1binpd1.jpeg
I'm kind of agreeing with him,Huis_Kat,2450,2024-02-19 17:36:25,https://i.redd.it/atl6qygivkjc1.png
Good news for gamers.,Money-Sheepherder733,2590,2024-04-18 22:37:44,https://i.redd.it/w2s1zhmafbvc1.png
Why cant we all be like this dude? ,Hunttu,2449,2024-06-10 04:07:15,https://v.redd.it/tk3szr6j5o5d1
Japan strikes again,N/A,2436,2024-01-14 11:18:08,https://v.redd.it/8mimfqki3ecc1
"Group called the ""BladeRunners"" is actively destroying all surveillance ULEZ cameras around London.",Naive-Fondant-754,2460,2024-06-30 07:29:54,https://v.redd.it/cj8xg8nxvn9d1
Jesus Christ.,DirkBatowski,2775,2024-02-22 22:32:11,https://i.redd.it/d6v0vem7r7kc1.png
Story of my life,KoreanJesus_193,2434,2024-12-12 20:28:30,https://i.redd.it/z1sem6189h6e1.png
Gaming is healing,iLuv_Phat_Sluts_69,2436,2024-07-22 01:49:29,https://i.redd.it/ry4muqd97zdd1.jpeg
"Wholesome, Comic con in China helps little girl with albinism accepts her appearance ",calkch1986,2423,2024-10-15 14:28:20,https://v.redd.it/lp69aid4kxud1
üíú s for Zep today boys :(,scobydorp,2427,2024-11-08 18:07:49,https://i.redd.it/2wub0tw5xpzd1.jpeg
Man tries to fight a police officer,ChymChymX,2407,2024-06-11 15:55:32,https://v.redd.it/q68w8orc5w5d1
Who owns you?,melinasfootstool,2453,2024-11-29 09:47:04,https://i.redd.it/fvidedvyat3e1.jpeg
Asmongold after his 999th cancellation,Empty_Form4398,2395,2024-04-12 08:30:45,https://v.redd.it/alttdhyoe0uc1
Since Hasan is blaming Asmon for the Adpocalypse ill just leave this here,Snicker10101,2398,2024-11-13 13:04:42,https://i.redd.it/8zf1gslf3o0e1.jpeg
The Way of the Samurai,Carbone,2386,2024-10-08 05:14:30,https://i.redd.it/5646jcd7mctd1.jpeg
What a time we live in. You just can't make this sh*t up.,Capital_Ability8332,2429,2024-10-29 05:50:39,https://i.redd.it/x4gumd9jwmxd1.jpeg
Fuck yes,Iosdrafting,2382,2024-07-10 05:49:18,https://i.redd.it/ufw8gw04rmbd1.jpeg
Let her cook,Bright_space9652,2380,2024-10-09 13:22:17,https://v.redd.it/i7slfpgoeqtd1
LOTR vs ROP,Casardis,2378,2024-08-29 16:25:03,https://i.redd.it/w1wjfv34qmld1.jpeg
Heard Asmon comment on this in one of his videos,Messahr,2359,2024-09-16 13:50:53,https://i.redd.it/ll4ix42qe6pd1.jpeg
I thought Black Myth Wukong had no women,philipralphkun,2357,2024-08-24 05:15:57,https://i.redd.it/1zknt3d6qjkd1.jpeg
Gamers watching every new protagonist reveal,N/A,2374,2024-06-10 16:18:37,https://v.redd.it/sgkrnr8nsp5d1
Community notes W,Fungwarb,2360,2024-11-30 16:14:37,https://i.redd.it/h765clkuc24e1.png
Assassin creed fans are upset over DEI in the upcoming game,Agni_Flame,2626,2024-05-15 14:56:41,https://v.redd.it/netvmw1osl0d1
men will be menüí™,NoMathematician1304,2343,2024-07-12 12:23:08,https://v.redd.it/l70aprz4z2cd1
Oh man how embarrassing. ,ALRUN0,2399,2024-11-10 15:05:01,https://v.redd.it/9qqjnja9a30e1
"""We can't have *unrealistic* body standards for women in games"". Meanwhile... ",N/A,2439,2024-04-05 01:48:45,https://i.redd.it/uvoamsf9fksc1.png
Average DEI player vs Average GamerGate player,N/A,2516,2024-08-25 08:53:25,https://v.redd.it/zg4u4rluxrkd1
"For a RPG game boasting choices that matter, this is pretty damning",kenny4351,2320,2024-10-31 15:18:34,https://i.redd.it/rgrtu2hoz3yd1.jpeg
Oh boy!,Slim_Shinji,2338,2024-08-14 12:42:38,https://v.redd.it/1hmk2ejqkmid1
How to Make a Great Ad:,progin5l,2317,2024-11-29 13:02:58,https://v.redd.it/xkuklfxv9u3e1
Rip cartoon network,Tetchedtoe,2314,2024-07-09 14:39:20,https://v.redd.it/tmkx5g5r8ibd1
Culture should be a bridge not a wall,N/A,2303,2024-10-11 17:18:20,https://v.redd.it/ogwyn3btu5ud1
Assassin's Creed Shadows is on suicide watch,cguy_95,2304,2024-09-25 00:15:55,https://i.redd.it/u57zkdftluqd1.jpeg
Face models of Wukong characters ,zekronix,2303,2024-08-27 02:00:23,https://i.redd.it/uw9rv8q064ld1.jpeg
Never thought I‚Äôd see the day I get Asmon memes in my reels. ,RevolutionaryLink163,2291,2024-10-01 16:35:35,https://v.redd.it/4et6wzgv96sd1
Dan Saltman was permabanned.,Leoxwhite,2295,2024-11-21 13:49:12,https://i.redd.it/g24pknnte92e1.png
Adobe Photoshop is spying on its customers! ,Naruku_Senpai3861,2280,2024-06-09 05:18:30,https://v.redd.it/oxnms99cdh5d1
LMAO,No_Personality_2698,2271,2024-05-28 12:26:50,https://i.redd.it/xdyz3v1uu53d1.jpeg
Evolving backwards.,Kreydo076,2262,2024-11-30 18:09:39,https://i.redd.it/1g8tqv3ex24e1.jpeg
Gamers,mayankpi,2140,2024-10-05 19:12:50,https://i.redd.it/4ehr91molzsd1.jpeg
They did the South Park thing!,Leoxwhite,2164,2024-11-21 23:44:21,https://i.redd.it/m0m5i1qzcc2e1.png
Hassan falls for it,kroncw,2147,2024-09-15 06:45:24,https://v.redd.it/pwzf6ly36xod1
Proof no Asmon hater watches his video as Twitter/X community notes step in,Rcoates20,2132,2024-12-16 15:18:20,https://i.redd.it/obw758dk987e1.jpeg
The state of western gaming 2024... Buckle up for the next big flop!!,JPShiryu,2144,2024-09-22 04:50:11,https://i.redd.it/aitzqp4njaqd1.png
Another TikToker learns that IRL others are to be respected.,josencarnacao,2211,2024-05-13 18:36:30,https://v.redd.it/eterrx0ym80d1
Actually me (and probably most of us) üòÖ,janky_79,2148,2024-06-28 03:24:23,https://i.redd.it/wvt9ffbbe89d1.jpeg
"Wow, one of the Kingdom Come devs just blasted Dragon Age and some people are now threatening refund their pre orders of the game. ",FantasyStar293,2151,2024-12-07 17:12:55,https://i.redd.it/zee5y03tlg5e1.jpeg
EXODUS Female companion,Kreydo076,2133,2024-12-18 11:44:28,https://i.redd.it/43ujl051hl7e1.jpeg
I think they are very upset,ErebosDark,2110,2024-08-22 21:53:25,https://i.redd.it/zvitfsbbeakd1.jpeg
"17 years ago, this guy sold his spot in line for $800 at the first iPhone release",IllustriousRub9796,2132,2024-05-29 13:27:48,https://v.redd.it/rjqf5o5kad3d1
We are winning boys!,Omnioum,2110,2024-10-20 01:19:18,https://i.redd.it/8zbe418nbtvd1.jpeg
The timeless masterpiece LOTR has aged poorly...apparently ,Gildorlnglorion,2127,2024-10-03 10:41:23,https://i.redd.it/9qlh089osisd1.png
"Bro, even dominos‚Ä¶",yokuGrey,2108,2024-12-14 23:37:24,https://i.redd.it/ns36sr6sgw6e1.jpeg
Ubisoft made a really good game,dbaum90,2100,2024-08-27 14:46:53,https://v.redd.it/jzw5uhvry7ld1
Sony be like:,ManaByte,2153,2024-04-27 20:07:33,https://i.redd.it/8ykvvxtpw2xc1.jpeg
The Good Ending :),Levi007hech0,2092,2024-10-12 10:11:16,https://v.redd.it/j7y7eu0jvaud1
OMG OMG ITS HAPPENING BOYS! we are close! ,RozzyStripe,2102,2024-08-25 15:50:00,https://v.redd.it/nt71vjm70ukd1
This is from 11 years ago,Bright_space9652,2088,2024-10-11 13:55:36,https://v.redd.it/3blpq4ept4ud1
Eat Healthy,reptilian_overlord01,2136,2024-12-17 07:48:31,https://i.redd.it/5vkvmjqcmc7e1.png
I can fix her,Stachelkeule,2085,2024-09-08 20:41:13,https://i.redd.it/9708vm4vcnnd1.png
Let‚Äôs gooooooooooo,Possibly2210,2061,2024-11-06 22:54:19,https://v.redd.it/sq5oqi6g2dzd1
Hehe boah,Levi007hech0,2060,2024-10-06 09:10:44,https://i.redd.it/mxp3j8c9r3td1.png
"Reject Modernity, Embrace Monke",Toxic_Gerbil951,2052,2024-06-18 10:10:18,https://i.redd.it/3bqsv3cm1b7d1.png
We only have 6 months left,ArgentVampire,2078,2024-06-13 11:26:06,https://i.redd.it/qtx0m8zhqb6d1.jpeg
Based Dad,OkPea4887,2053,2024-10-14 15:46:09,https://v.redd.it/edhv6cy27qud1
Too based,Swachuu,2063,2024-07-17 12:51:53,https://v.redd.it/rlhuyl9vs2dd1
Is that water i see?? He really is a changed man,mayankpi,2084,2024-10-16 17:33:53,https://i.redd.it/q5m0ew72m5vd1.png
Deadlock's new anti-cheat lets players turn cheaters into frogs for the rest of the game,vidic17,2055,2024-09-27 12:32:28,https://v.redd.it/9yg3n6kuicrd1
Will you look at that...,miroslav887,2050,2024-06-11 17:31:09,https://i.redd.it/nb5mo75v9z5d1.jpeg
This sums it up,RoxanpunX,2048,2024-11-16 18:25:54,https://i.redd.it/9u3pc2qo3b1e1.jpeg
F*ck around and find out,kenny4351,2031,2024-11-02 01:09:16,https://i.redd.it/89qhw5bq1eyd1.png
"A message on behalf of REAL liberals and lefties, after the election results.",Ovolmase,2044,2024-11-06 18:20:47,https://www.reddit.com/r/Asmongold/comments/1gl55ut/a_message_on_behalf_of_real_liberals_and_lefties/
Who would win?,Bob_Maggot,2022,2024-10-27 09:05:31,https://i.redd.it/xkm2e35hl9xd1.jpeg
Former Obsidian writer Chris Avellone encourages people to sue Obsidian over discrimination.,oppressivekitten,2025,2024-11-27 20:29:46,https://i.redd.it/st8l6a0n7i3e1.png
Lets have a look at what Tencent owns.....,Naruku_Senpai3861,2034,2024-04-24 17:05:49,https://i.redd.it/uuprccyllgwc1.png
"Never do gambling, kids!",kroncw,2015,2024-11-03 15:01:46,https://v.redd.it/urbxckw8bpyd1
Based ,1KHewlth,2026,2024-12-20 20:51:26,https://i.redd.it/bvosoj5ng28e1.jpeg
At least 75% of them‚Ä¶,Gremmies,2017,2024-08-27 10:42:49,https://i.redd.it/yuzoewc8r6ld1.jpeg
Choose wisely,ShameWise7320,2010,2024-05-29 05:48:25,https://i.redd.it/vby4ozrn0b3d1.jpeg
B-But it‚Äôs free,IllustriousRub9796,2007,2024-12-11 18:15:52,https://i.redd.it/hzdbhwrhg96e1.jpeg
When you go to Art Show,N/A,2013,2024-01-23 18:47:55,https://v.redd.it/i6wuyzzuj8ec1
The story goes on.. ,allosson,2113,2024-07-20 08:34:27,https://i.redd.it/4sbtqnuoxmdd1.jpeg
ban American tourists,Better_Campaign_4404,2005,2024-05-23 12:38:46,https://v.redd.it/y3rlxaayn52d1
Dragon's Dogma 2 Character Creation is out of control!,Robert-0019,2005,2024-03-11 14:04:21,https://i.redd.it/ffdu1lvvopnc1.jpeg
He ain't wrong tho,Sn0wWhyte,1995,2024-11-09 15:44:46,https://i.redd.it/x4927sdccwzd1.jpeg
"In support of Zack, i will also post my own personal before and after, guys take mental health seriously ",Lightness234,1987,2024-10-21 05:04:41,https://www.reddit.com/gallery/1g8i3sw
Finally some F****NG RECEIPTS,melinasfootstool,2095,2024-06-21 11:04:04,https://v.redd.it/ypbr6urvpw7d1
"In your opinion, will this be the end for twitch?",KaiserZoldyck,2001,2024-11-16 02:20:43,https://i.redd.it/fcqghdehb61e1.jpeg
Japan,plznoplzlol,2002,2024-05-06 13:34:31,https://i.redd.it/pgzvor8k6tyc1.jpeg
"Asmon, your korean waifu is a well-known streamer, her name is Donggeuran. Just so you know.",iEyeOpen,1992,2024-11-27 15:20:14,https://i.redd.it/55e1www5og3e1.jpeg
"How it started/how it's going
",Apidention89,1989,2024-12-04 09:50:24,https://i.redd.it/vvfwlz440t4e1.jpeg
What a beautifull year...,Ravenant89,1988,2024-11-28 08:33:11,https://i.redd.it/rucwmgussl3e1.jpeg
Game Journalist Activists,Ulmaguest,1983,2024-09-03 15:21:39,https://i.redd.it/82l9so273mmd1.png
Dave Chappelle explains why Trump won,siddarths4254,1986,2024-11-10 13:44:37,https://v.redd.it/23yofq7yv20e1
Disney Star Wars ignoring their own history,RinRinDoof,1984,2024-04-16 15:15:49,https://i.redd.it/ylh5tg252tuc1.jpeg
New fear unlocked,Rombane,1982,2024-09-09 11:17:47,https://i.redd.it/hebxr3k5prnd1.jpeg
Can we get an F in the chat please. RIP,BaggySphere,1971,2024-08-12 17:42:32,https://i.redd.it/h85tlzd9s9id1.png
Girl Boss :D vs Masculinity >:(,2o2i,1963,2024-09-04 22:20:12,https://i.redd.it/jh2905vxavmd1.jpeg
This is why nobody takes IGN seriously anymore.,BrandyFriendy,1959,2024-12-06 19:56:18,https://i.redd.it/kfkzjegy9a5e1.jpeg
BASED AF DEVS,Ivanov95,2086,2024-03-12 16:07:21,https://v.redd.it/yufrc2iwfxnc1
Numbers don't lie...,Keytchouka,1961,2024-08-07 20:18:33,https://i.redd.it/dlkrf0xmvahd1.jpeg
Any europeans here,Upstairs_Radio7936,1961,2024-11-06 12:38:23,https://i.redd.it/e4jel2oi0azd1.png
Never kill yourself.,Throlerren,1956,2024-12-06 16:48:34,https://i.redd.it/m3b79cqjc95e1.jpeg
"He was seeing double, but he kept his eye on the prize.",BackHandLove,1941,2024-06-24 02:21:17,https://v.redd.it/801sutmbjf8d1
Denzel Washington roasted mainstream media.,Existing_Library5311,1942,2024-10-15 15:24:30,https://v.redd.it/q3i369wztxud1
Holy Gigachad,Mathster0598,1928,2024-07-18 08:50:04,https://v.redd.it/w3u8uranq8dd1
It's not Racist if it's funny,Serados14,1934,2024-09-15 10:27:50,https://v.redd.it/aql3vdqr9yod1
"Jesus, people in this sub love Asmongold so muchüòÇ",Candid_Equipment_296,1951,2024-12-16 08:46:30,https://i.redd.it/0yamf3lff47e1.jpeg
They need to hire this man,fhxefj,1922,2024-10-16 21:17:51,https://i.redd.it/b9q4yjs3q6vd1.png
Sad news ,sebitian,1923,2024-09-27 14:28:15,https://i.redd.it/o6j8nyfp3drd1.jpeg
I knew it we are the problem,Agreeable-Country-52,1926,2024-06-12 05:41:03,https://i.redd.it/d68ul8d3w26d1.jpeg
[DA: Veilguard] They are aiming for Dustborn levels of cringe,Remispaive,1920,2024-10-28 16:07:15,https://www.reddit.com/gallery/1ge5uzt
This goes for all games,Snoo61478,1918,2024-01-12 15:34:13,https://i.redd.it/q7atj5rc31cc1.png
How to get a job,Fernmelder,1916,2024-07-16 00:58:39,https://v.redd.it/0d1pshyp4scd1
The next 4 years are going to be a content machine,dc4_checkdown,1913,2024-12-03 00:48:42,https://i.redd.it/gleib7fk6j4e1.jpeg
Thoughts?,iLuv_Phat_Sluts_69,1914,2024-12-08 01:10:22,https://i.redd.it/pd58m2nzyi5e1.jpeg
*sigh* What do you even say to this?,deadhead-throwaway,1917,2024-06-22 16:25:39,https://i.redd.it/t7j2vuswfr7d1.jpeg
Let me tell you a Story...,Leoxwhite,1912,2024-11-17 09:25:49,https://v.redd.it/jeqri9pvjf1e1
Bro identifies as fat,MixerLvivUa,1948,2024-07-31 08:27:43,https://v.redd.it/k1svfcwgeqfd1
Little compliation I found ‚òïÔ∏è,Mrtvimir,1910,2024-11-06 14:36:24,https://v.redd.it/t2s29rdllazd1
Irommouse main youtube channel has been terminated,9thyear2,1909,2024-09-21 04:53:00,https://i.redd.it/3vpj2mnlf3qd1.png
Playing video games IRL,Available_Moose3480,1906,2024-07-05 17:14:57,https://v.redd.it/aaiz65ovgqad1
Critical hit,Taiizor,1909,2024-06-28 22:10:14,https://v.redd.it/30tr4mjuyd9d1
This argument needs to die already,Ok-Crew-4442,1895,2024-09-01 15:27:15,https://i.redd.it/qkmk4jpxx1md1.jpeg
Latina egirl is mad about representation in Veilguard (female asmon viewer wtf?),iStayGreek,1890,2024-09-20 17:21:29,https://i.redd.it/sh8myi2vzzpd1.png
Doesn't look good for Ubisoft rn üíÄ,N/A,1899,2024-08-03 13:19:50,https://i.redd.it/ytn9223d9ggd1.jpeg
He found out,Mo-Long,1885,2024-07-10 18:21:08,https://v.redd.it/t59zn1bw1obd1
Would trade the entire Fast and Furious franchise for just one sequel to this movie,Existing_Library5311,1878,2024-10-11 14:53:31,https://i.redd.it/stt8gxox45ud1.png
Based,Gildorlnglorion,1878,2024-10-27 12:25:23,https://i.redd.it/reoxckt2laxd1.png
Real and true ,N/A,1876,2024-09-21 13:45:41,https://i.redd.it/sq8ndm9n26qd1.jpeg
Bill Burr - women failed the wnba.,Existing_Library5311,1893,2024-03-31 16:53:19,https://v.redd.it/kf6nnu2e9prc1
Another one,mayankpi,1866,2024-10-20 13:13:59,https://i.redd.it/xivo316evwvd1.png
How it feels watching asmongold clips while editor defends asmon,StarboyBellyjewel,1866,2024-11-12 10:08:42,https://i.redd.it/x502lefa3g0e1.jpeg
Peak of character design,johansdr,1878,2024-08-24 16:21:27,https://i.redd.it/qge0wnyt0nkd1.png
Wild to see Bernie agreeing with Elon Musk.,Hida77,1881,2024-12-01 21:01:30,https://i.redd.it/sch45djuaa4e1.jpeg
All the internal twitch leaks regarding Asmon so far provided by Dan Saltman ,Snicker10101,1864,2024-10-26 19:28:42,https://i.redd.it/0wh9meklj5xd1.png
Damn ChatGPT u got me,Brainfreezdnb,1845,2024-12-05 13:14:53,https://i.redd.it/vf7nr7ue515e1.png
"The plot armor in all its glory, gotta make her special than other MEN",Alius_AZA,1842,2024-06-13 17:14:56,https://v.redd.it/kh9gecjtgd6d1
How did they achieve such perfection? ,terriblerex,1848,2024-06-01 02:39:46,https://i.redd.it/t7vuudmqhv3d1.jpeg
Of course it's us...,Tasty-Cookie-9595,1835,2024-10-03 19:32:46,https://i.redd.it/spqfar7iflsd1.jpeg
"South Korea sent a fully-kitted out player for the Olympic shooting. 
Turkey sent an 51 yr old guy with no specialized lenses, eye cover or ear protection and got the silver medal",stormblaz,1833,2024-07-31 20:03:50,https://i.redd.it/zrhvhryikwfd1.png
Anime streaming monopoly ü´†,MMMsKU,2037,2024-02-08 04:09:10,https://i.redd.it/dod5xjwrdahc1.jpeg
"Asmon called out Twitch bans months ago. ""If you have the right politics, you can call for killing people, you can use racial slurs, you can do anything you want and Twitch will totally fucking ignore it""",electricsashimi,1854,2024-10-20 06:23:38,https://www.youtube.com/watch?v=vDGcudxy-zo&t=233s
Launch date is close ‚ô•,johansdr,1826,2024-08-26 14:40:53,https://i.redd.it/qpzmh0kss0ld1.jpeg
"Damn bro, so it works like that?",ItheraelFF,1811,2024-09-07 23:05:13,https://i.redd.it/r5aibculxgnd1.jpeg
This hits hard after the sad news. Rest in Peace The Legend Toriyama.,Robert-0019,1801,2024-03-08 11:38:38,https://v.redd.it/8bjw3eqzj3nc1
AAAA Gaming ,Prophhet,1844,2024-03-23 20:19:32,https://v.redd.it/8ytnnfoz65qc1
The Biggest fan of the game.,Realabdulrahmen,1796,2024-09-23 14:06:09,https://i.redd.it/29rs4364gkqd1.jpeg
Games nowadays can't make a story that resonate with the audience.,SoulessSince1492,1794,2024-07-29 09:45:11,https://i.redd.it/59m7cdshiffd1.png
This tweet was made more than 6 years ago but I feel like it's even more relevant today,Gnomed_,1783,2024-10-10 14:57:27,https://i.redd.it/gkshiupk0ytd1.png
Joshua Strife Hayes refuses to sell out to Blizzard,gravityVT,1789,2024-06-06 16:27:23,https://v.redd.it/ur269qay9z4d1
Valve is a paradox,Kaysh99,1784,2024-10-02 02:04:23,https://www.reddit.com/gallery/1fu5epq
AI will never be able to replicate the human experience.,Verboten247,1779,2024-05-26 00:04:12,https://v.redd.it/ibepa4ihwn2d1
"Marvel Rivals dataminers discovered character models are ""more detailed than they should be""",Paddy32,1791,2024-12-11 14:18:09,https://i.redd.it/00qj6dc0a86e1.gif
Vtuber breaks a viewers heart üíî,yo_meech,1778,2024-02-05 09:30:24,https://www.reddit.com/gallery/1ajcm5h
Why Ubisoft? Why do you hate us so?,Alpha-Charlie-Romeo,1980,2024-08-01 15:29:13,https://i.redd.it/ul9jb6cdm2gd1.png
Please be considerate. ,Popular-Wind-1921,1768,2024-11-28 11:24:15,https://i.redd.it/ukpj2cbenm3e1.jpeg
Asmon's room is coming soon to Powerwash Simulator,another-account-1990,1769,2024-08-29 18:42:22,https://i.redd.it/gm524evhenld1.png
Random encounter with Asmon,astroknott95,1770,2024-12-19 21:06:37,https://www.reddit.com/r/Asmongold/comments/1hi34cl/random_encounter_with_asmon/
Cultural amateurs meddling in the work of designers and artists are not needed. ,goldensnakes,1769,2024-08-22 15:54:26,https://i.redd.it/l17pz2n9m8kd1.jpeg
So....I won ,hyucha,1753,2024-10-02 21:57:05,https://i.redd.it/9olv70ta0fsd1.jpeg
Waiting for someone to call this guy an incel and get upvotes,N/A,1823,2024-09-02 03:43:26,https://v.redd.it/7ejuxgkvhbmd1
Farming Simulator 25 outpeaking Veilguard is kinda hilarious..,itsZhu,1754,2024-11-12 19:19:12,https://www.reddit.com/gallery/1gpsvws
Wait.. is this real?,ignis_rage,1756,2024-05-12 07:39:12,https://i.redd.it/9u9qtbfx8yzc1.jpeg
thats a manager i would work for,IllustriousRub9796,1752,2024-03-20 09:15:05,https://v.redd.it/swwk1geohgpc1
Half way there... ,Omnioum,1756,2024-10-22 16:59:35,https://i.redd.it/f8vw1e0g9cwd1.png
Does this look fun to play,No_Personality_2698,1913,2024-06-21 07:02:30,https://v.redd.it/26w1q4wtiv7d1
Asmon's rat did a shower stream too ,EtoDesu,1749,2024-09-26 08:10:30,https://v.redd.it/45qub2y234rd1
Man with suspended license joins zoom court while driving ,gravityVT,1751,2024-05-29 19:33:32,https://v.redd.it/x5nyu4hv3f3d1
Bro is focused,Kryptyx,1747,2024-07-15 06:57:06,https://v.redd.it/yqpul83u4kcd1
This is crazy,notregular,1751,2024-07-07 14:09:42,https://v.redd.it/01nw5emmt3bd1
Gaming journalists in a nutshell,Sandbox_Hero,1748,2024-11-01 22:22:23,https://i.redd.it/61kcdehv6dyd1.jpeg
They were sentenced to 4-5 years ,winkiloves23,1765,2024-07-28 03:56:42,https://i.redd.it/zdyswzhfn6fd1.jpeg
PC Gamer found out the reason why Concord failed,bagel4you,1741,2024-08-25 13:49:26,https://i.redd.it/w4wxrauoetkd1.png
Actual Cinema,OkMSIN_8121,1737,2024-11-28 16:10:58,https://v.redd.it/hdw1yeee2o3e1
What Europeans think America is like,EtoDesu,1739,2024-01-20 08:44:53,https://v.redd.it/3rb6hmbh5kdc1
Nexus mods is completely corrupted to the core,TheEVILPINGU,1728,2024-11-10 18:09:54,https://www.reddit.com/gallery/1go6tfy
The duality of man,sigridian,1733,2024-09-02 05:25:28,https://i.redd.it/b17dq5v20cmd1.jpeg
Asmond caught red handed,Nodveidt,1723,2024-11-25 13:27:43,https://i.redd.it/ej6i93tou13e1.jpeg
well......,ice_apostle,1723,2024-03-31 15:04:00,https://i.redd.it/x8nh7llxporc1.jpeg
"No way, not this far into development... right?",Right_Release4237,1808,2024-09-28 02:04:10,https://i.redd.it/ms5uytyojgrd1.png
Elon‚Äòs got a point,Drow1234,1723,2024-05-20 19:39:50,https://i.redd.it/ku5uofmswm1d1.jpeg
True Or False?,l0r3nz3n,1726,2024-04-22 05:10:58,https://i.redd.it/u9wbg808syvc1.png
Ori director's 2 cents,mayankpi,1714,2024-10-14 22:08:10,https://www.reddit.com/gallery/1g3s7og
Based on a True Story. ,Leoxwhite,1712,2024-11-02 23:44:07,https://i.redd.it/bxneq8oirkyd1.png
Why you look 50 and you're 24? Guys üóø. Women ü§¨.,sage6paths,1704,2024-05-04 15:47:30,https://v.redd.it/xmqlyb7qkfyc1
Hows Blizzard doing,user_zero_007,1711,2024-12-19 15:08:04,https://i.redd.it/t5itsmrdmt7e1.jpeg
Normal People Vs Conor McGreg0r,M7IIV,1704,2024-07-05 13:32:45,https://v.redd.it/8yilap98dpad1
Palworld or a recolored portal in D4? Hmm...,Ryanlt234,1707,2024-02-12 18:59:48,https://i.redd.it/a1kqx2hzb7ic1.png
Dad explains how he children should be raised,cabdou15,1735,2024-07-11 07:54:07,https://v.redd.it/exchbbdj9pbd1
The real outcome of Man v Bear ,CardTurbulent,1712,2024-05-03 14:37:31,https://i.redd.it/okgqsq2d38yc1.jpeg
‚ÄúFineee here you go‚Äù,Alius_AZA,1703,2024-07-08 02:44:11,https://v.redd.it/lfwvpwd9k7bd1
Real,borislavk14,1702,2024-10-04 12:54:33,https://i.redd.it/rev8nmedlqsd1.jpeg
Steam thinks ur gay if you play Veilguard lmao,dorm_five,1706,2024-12-20 22:00:09,https://i.redd.it/wggjng0rs28e1.png
The editor has a job again ,Windicator647,1701,2024-10-30 04:14:37,https://i.redd.it/sa7wybxaktxd1.jpeg
Call of Duty then vs now,CMAngelo,1699,2024-05-26 13:07:06,https://i.redd.it/sgtt9l17sr2d1.jpeg
I'm crying. West could never,N/A,1694,2024-08-21 08:30:27,https://i.redd.it/iet8ynhn9zjd1.jpeg
What they did to Morrigan & Isabela in Dragon Age The Veilguard is criminal.,ThatGuy21134,1693,2024-10-30 00:32:13,https://i.redd.it/e50c3spmgsxd1.jpeg
The end is Gold. lol This is what AI is for üòÇ,goldensnakes,1678,2024-07-11 22:29:50,https://v.redd.it/xrb0f3q9uybd1
Generating Demand,diegoqfp8,1678,2024-11-10 23:59:47,https://i.redd.it/l9irpvgjx50e1.jpeg
Do the developers understand what a helmet is?,BarkMetal,1689,2024-08-03 06:32:43,https://v.redd.it/b6e3kucq8egd1
"Saw this, it seems the election results are already taking their toll lol",krievins,1732,2024-11-06 23:04:14,https://i.redd.it/7hqcqb684dzd1.jpeg
PirateSoftware Talks About Asmongold,Mathster0598,1671,2024-11-25 14:37:52,https://v.redd.it/bfw2toa4723e1
Education?,josencarnacao,1978,2024-06-26 17:23:30,https://v.redd.it/4aenzqb5ay8d1
Vtubers are taking over,Ok_Rip_6946,1671,2024-07-06 06:51:38,https://v.redd.it/w3kwfivkiuad1
Which one you taking?,N/A,1674,2024-06-26 19:28:58,https://i.redd.it/nypwny1lwy8d1.jpeg
When is enough enough?,mr2dax,1674,2024-05-30 03:46:10,https://i.redd.it/x6i8vls1kf3d1.jpeg
"It's crazy that if we do not want their games, we will be called bigot, incel, racist, etc. oh well.",ZERO-WOLF9999,1672,2024-12-15 21:40:42,https://i.redd.it/82tgvuiv037e1.jpeg
Two ways of looking at things.,Jens3ng,1667,2024-09-17 11:12:57,https://i.redd.it/xk7d3cjka7pd1.jpeg
Is this true?,Nearby_Curve2670,1660,2024-04-23 15:49:58,https://i.redd.it/0dqa8uc639wc1.jpeg
"Twitch's Ban on Israel, featured on Mainstream Israeli Television Channel",i_eat_parent_chili,1660,2024-10-22 22:44:41,https://i.redd.it/rlauj3d7cdwd1.jpeg
Man on a mission,Serados14,1658,2024-10-17 09:15:10,https://i.redd.it/edi3xqox9avd1.png
The new marching orders are out.,HelllBeaver,1657,2024-11-19 20:52:38,https://i.redd.it/esgoaojh8x1e1.png
She's imploding at this point it's so funny lol,grandialine32,1661,2024-10-13 01:05:25,https://i.redd.it/9omth652bfud1.png
FUCK AROUND AND FIND OUT LMAO,WingingEnd4,1649,2024-04-08 09:40:40,https://v.redd.it/u33u5d0f78tc1
üòÖ,Tasty-Cookie-9595,1645,2024-10-15 10:06:05,https://i.redd.it/rulemyac9wud1.jpeg
"Rest In Peace, King! o7",ArgentVampire,1637,2024-03-08 03:40:13,https://i.redd.it/rpr2k06z61nc1.png
bro...,dt0x77,1636,2024-11-06 02:18:24,https://i.redd.it/7m52iz4ux6zd1.png
Ohhh Now I understand!!!,ItsMartinezSirTTV,1636,2024-06-30 16:59:40,https://v.redd.it/ccnpc1skpq9d1
it is worse than what you have thought.,burnqubic,1652,2024-10-12 16:16:38,https://v.redd.it/8oq7c84oocud1
Oh Ubisoft,philipralphkun,1627,2024-09-24 05:52:42,https://i.redd.it/r7cqc8rz4pqd1.png
Ok that's pretty funny,Captain_Rex_,1626,2024-11-05 18:52:38,https://i.redd.it/innoem42y2zd1.png
Not a duct tape,mayankpi,1590,2024-10-12 21:13:36,https://v.redd.it/cbxsi1mk5eud1
Uh Based?,Dahgi,1585,2024-11-06 12:31:29,https://i.redd.it/o591ds27z9zd1.jpeg
Truest meme I‚Äôve seen today,CEOofAntiWork,1618,2024-06-21 15:33:57,https://i.redd.it/md18qzm8mw7d1.jpeg
I agree ,Capital_Ability8332,1582,2024-10-18 15:10:39,https://i.redd.it/n5b1qe2f6jvd1.png
take me back to the 90's era when rap was good,Snoo81658,1587,2024-07-07 13:25:28,https://v.redd.it/3ewvjqwql3bd1
Even women have had enough ,Bright_space9652,1584,2024-09-21 11:22:00,https://v.redd.it/r09jrx10d5qd1
This hurts me,siberiantigerenjoyer,1583,2024-08-22 19:49:45,https://i.redd.it/j9jppmx8s9kd1.jpeg
Tectone is just killing it lately! ,ShameWise7320,1582,2024-05-20 07:32:06,https://i.redd.it/7t6h2cfyaj1d1.png
Meanwhile in Mexico...,Neither_Operation902,1575,2024-09-29 20:38:13,https://v.redd.it/6ic7erw68srd1
This..,Snoo61478,1619,2024-03-21 11:56:54,https://i.redd.it/ht36girhfopc1.png
Netflixed.,burnqubic,1573,2024-10-12 03:30:57,https://i.redd.it/p4xzc510w8ud1.png
George R.R. Martin is calling out shitty producers and screenwriters for ruining great stories,saltminer99,1565,2024-05-28 23:42:41,https://i.redd.it/25kjg4we793d1.png
Amen ‚úùÔ∏è üôèüèª,ahjolinna,1556,2024-11-13 21:38:48,https://v.redd.it/g3xo66i3nq0e1
Hang in there Mr. editor,StarboyBellyjewel,1556,2024-10-16 17:17:59,https://i.redd.it/7ls50ki3j5vd1.png
"Though tbh, I think it's mostly an American thing...",znsl,1540,2024-07-13 23:51:09,https://i.redd.it/ly2f2clsidcd1.jpeg
Father of the year sticking up for his disabled child,dragonflame12900,1536,2024-06-21 05:38:41,https://v.redd.it/afnddrmmkt7d1
The Newest Twitch Meta,twobqy,1530,2023-12-28 06:56:41,https://v.redd.it/qf9ctr5chz8c1
"""He terrified me"" ""He got me pregnant""",2024olympian,1553,2024-07-10 18:12:11,https://i.redd.it/gjvd9k8nfqbd1.jpeg
Bernie' s statement ,SourSasquatch,1549,2024-11-07 04:38:44,https://www.reddit.com/gallery/1glihro
71 year old Veteran plays Bodycam,No_Personality_2698,1531,2024-06-17 02:16:42,https://v.redd.it/fj7ag5v5k17d1
"Just found out that we're obsolete, actually.",Difficult_Tutor_8251,1536,2024-12-18 06:42:54,https://i.redd.it/9hlkgmnryj7e1.png
Who we voting for boys?,Swachuu,1531,2024-11-03 13:09:04,https://i.redd.it/1s02a1raroyd1.jpeg
Japan showing America it's potential. ,NomadicVikingRonin,1572,2024-06-03 22:31:41,https://i.redd.it/peqocvr7of4d1.jpeg
Ubisoft games in a nutshell,EntertainmentLow7601,1531,2024-12-02 03:07:49,https://i.redd.it/cjmna32eqc4e1.png
The Astro Bot Experience in 2 Minutes.,BreadMakerCTM,1530,2024-12-15 15:34:52,https://v.redd.it/32cqs3p1717e1
Reminder that Ghost of Tsushima devs accomplish what Ubisoft could not.,kroncw,1526,2024-09-25 11:06:31,https://i.redd.it/oucvv5hptxqd1.png
No dlc for you,mrjarks,1526,2024-06-22 08:54:51,https://v.redd.it/6vr4voos738d1
Kotaku in a nutshell.,Totte106,1570,2024-04-27 16:33:16,https://i.redd.it/ug99elmeu1xc1.jpeg
"Steam is issuing refunds for Helldivers 2 even if you have a great deal of hours spent on the game. This, this is how you get Sony to listen.",Orthane1,1525,2024-05-04 20:48:28,https://i.redd.it/cb0fdc294gyc1.png
Their goal is manipulation,MixtureBackground612,1514,2024-10-04 02:51:07,https://v.redd.it/1g655plplnsd1
"The channel has been unbanned, just now.",SororitasPantsuVisor,1526,2024-10-29 16:31:12,https://i.redd.it/wzc46zwo2qxd1.png
Things are going very well for the IGN review of DA: The Veilguard,Saywhuuuuuut,1521,2024-10-29 02:28:40,https://i.redd.it/f38peae0wlxd1.png
The American Comic Book Industry,Sea-Ebb4064,1524,2024-07-06 05:55:03,https://i.redd.it/xl22690x7uad1.png
Niantic WTF,xgoku12x,1520,2024-03-27 00:01:25,https://i.redd.it/anuquhg6okqc1.jpeg
This is the best,Powerful-Language-82,1515,2024-07-27 23:16:51,https://v.redd.it/jfev6swh95fd1
Is this Concord the Movie?,Serados14,1515,2024-09-05 23:15:06,https://i.redd.it/ynw0ozoip2nd1.png
1 hour of work vs 8 years of work...,LemonZest11,1511,2024-09-06 22:01:13,https://i.redd.it/9zfjo0m2h9nd1.jpeg
DAMN,No_Personality_2698,1510,2024-05-14 01:27:33,https://v.redd.it/huqwktsfoa0d1
Thank you for the amazing childhood Toriyama,Angharradh,1544,2024-03-10 20:07:55,https://v.redd.it/02mnznk2dknc1
True,terriblerex,1508,2024-06-08 23:47:54,https://i.redd.it/xiqwfecdqf5d1.jpeg
When the devs understand their playerbase,endelehia,1504,2024-12-12 07:49:46,https://i.redd.it/l0i4x6hnhd6e1.gif
Gender equality in 2024,dolpe6,1508,2024-09-04 09:47:36,https://v.redd.it/uxvwjv69krmd1
We got an update and it somehow got worse,Gildorlnglorion,1502,2024-11-11 16:43:53,https://i.redd.it/5od5v9suwa0e1.png
LOL,No_Personality_2698,1502,2024-06-18 05:32:15,https://v.redd.it/6afjk960o97d1
"Sorry if this is a repost, please remove",Frankfother,1497,2024-08-23 13:50:31,https://i.redd.it/m1wxes0x4fkd1.jpeg
"if they think this comment has owned him, my God these people are weak",Brainfreezdnb,1716,2024-12-22 18:47:58,https://i.redd.it/c7ge2prz7d8e1.jpeg
"Asmongold's biggest fan, the ""gooning and hating' guy got suspended from Reddit! 1 Million Karma gone!",FrozenBuster,1492,2024-12-10 13:49:54,https://i.redd.it/cah6ty85016e1.png
Unhinged,Drow1234,1510,2024-05-07 18:14:18,https://i.redd.it/r0up91qop1zc1.jpeg
That stick,mr2dax,1498,2024-08-11 06:23:22,https://i.redd.it/gsh4tecfmthd1.jpeg
OMG lol,KwGamesbrs,1483,2024-03-10 16:15:58,https://i.redd.it/3a6dvyol7jnc1.jpeg
Do you guys see it too? Or am I trippin?!,Leoxwhite,1484,2024-11-27 18:00:25,https://i.redd.it/uee9ng04hh3e1.png
One Piece Animator Cooked AI prompt user.,Reasonable-Cap3389,1486,2024-02-18 10:36:26,https://i.redd.it/wsxonuqqnbjc1.png
The Onion has acquired Infowars,Drow1234,1481,2024-11-14 15:35:35,https://i.redd.it/ky6qpqtgzv0e1.jpeg
o7 dremskiy,StarboyBellyjewel,1479,2024-10-23 13:47:31,https://i.redd.it/d6p2jzv3giwd1.jpeg
Asmon in a nutshell.,Scharfschutzen,1475,2024-11-02 17:32:36,https://v.redd.it/mmkbwl5bxiyd1
100k likes for a stupid Tweet it's over ,bloodyhunterx300,1484,2024-05-28 16:53:36,https://i.redd.it/m17etdif673d1.jpeg
IGN doesn't really like Black Myth Wukong to win üòÇ,junix2,1477,2024-09-24 10:43:29,https://i.redd.it/jq1xbmwkkqqd1.png
Qunari models from the Veilguard vs Qunari models from Dragon Age 2,DeaDBangeR,1476,2024-09-14 10:56:28,https://i.redd.it/hvf85suu9rod1.jpeg
The new Galaxy AI works better than expected,MrOopee,1472,2024-07-19 17:35:04,https://v.redd.it/oy2g9tm7hidd1
Plastic surgeon guessing the Love Island girls‚Äô ages,jamzye31,1475,2024-06-17 14:43:38,https://v.redd.it/pitap429957d1
Game Awards be like,Spiderchimp89,1472,2024-11-21 18:00:08,https://i.redd.it/q2pxp97wf92e1.jpeg
"""You can't launch rockets because mean words hurt my tummy.""",yourtub5,1478,2024-10-13 23:04:46,https://i.redd.it/0pwa1624ulud1.png
Korean President's Response to Recent Events ,renaldomoon,1471,2024-12-04 14:49:49,https://i.redd.it/tixxwhkhhu4e1.png
Wolfenstein 2 is something else,Emotional_Engine9,1476,2024-10-05 10:19:29,https://v.redd.it/7hyvdmqeywsd1
Buy-nary vs Nonbuy-nary,Ok-Resolution7918,1470,2024-12-14 17:55:43,https://i.redd.it/9c98fkdtru6e1.jpeg
o7,Ivanov95,1478,2024-12-20 13:18:21,https://i.redd.it/z0a7vkyp708e1.jpeg
pretty accurate for 2024,treblast,1464,2024-10-09 09:00:35,https://i.redd.it/mhffpz134ptd1.jpeg
China being china as always,ChittyBangBang335,1475,2024-11-26 15:30:06,https://v.redd.it/phtvul34l93e1
RIP bozo ,MattDeezly,1464,2024-09-05 15:42:49,https://i.redd.it/j8gm15kyg0nd1.jpeg
Here we go‚Ä¶,MackAndSteeze,1525,2024-09-06 16:27:49,https://i.redd.it/pse496bwt7nd1.jpeg
the finding out phase,TajineEnjoyer,1465,2024-07-08 23:08:18,https://v.redd.it/n3u4pmn1mbbd1
A typical American day ,drgoldenpants,1459,2024-09-22 07:40:23,https://v.redd.it/rj34nhkdebqd1
I listen/watch to Asmon's Videos while at work every...single... day. Probably us in the next two weeks:,Dapper-Boysenberry-6,1462,2024-10-16 09:19:45,https://i.redd.it/8dta89kp53vd1.jpeg
You have to watch this,PixelSaharix,1458,2024-10-20 15:54:21,https://v.redd.it/z3xwyx90oxvd1
This dude dressed up as Kim Jong-un in front of North Koreans at the olympics.,_D80Buckeye,1455,2024-08-11 03:17:07,https://v.redd.it/al7y8k7fvxhd1
 Why is it that strong women are often expected to look like men? ,Equivalent-Mode-5921,1457,2024-12-13 08:40:34,https://i.redd.it/n7ypfgjsvk6e1.jpeg
All the money and for what?,TacticalBigBoss,1458,2024-09-09 15:25:37,https://i.redd.it/q9oyfobjxsnd1.jpeg
I can‚Äôt wait for the memes‚Ä¶.,Southern_Bet2650,1451,2024-11-07 11:21:30,https://i.redd.it/9a7647krrgzd1.jpeg
A campaign against Asmon is underway ,asiangirlfan,1531,2024-03-16 15:21:15,https://i.redd.it/6am014terpoc1.jpeg
Community notes violating people is my new favorite gender,SoulessSince1492,1479,2024-07-28 11:13:55,https://i.redd.it/lqy55z9ft8fd1.jpeg
Game of the year,uwu_araara_xoxoxo,1451,2024-11-27 01:35:56,https://i.redd.it/92bce1silc3e1.jpeg
look who we have here,JustRaddish1310,1448,2024-08-28 15:09:18,https://i.redd.it/pbl54btgbeld1.png
"The ""Unaliving rates"" among men is something that isnt talked about enough in modern society, how so many young men feel no purpose and how videogames help them fill that hole in them. I'm sure a lot of us can relate to that. Sad how men's issues are oftenly ignored or talked down.",Leoxwhite,1445,2024-10-03 01:28:17,https://i.redd.it/bn8hyqrp1gsd1.png
CEO shooter should‚Äôve gone to BK,thelurkingclass,1442,2024-12-09 23:49:57,https://i.redd.it/m9vc9erguw5e1.jpeg
"Concord removed LGBTQ+ and Political tag from the steam page, potentially to reach more buyers",Cartographer-Unfair,1445,2024-08-24 01:45:17,https://i.redd.it/idjrsa47oikd1.jpeg
Dragon Age Veilguard is worse than we thought it was,grandialine32,1442,2024-10-28 14:51:00,https://i.redd.it/hvxymqq0gixd1.jpeg
"Wukong games reporter could verify translation, yet unable to read basic Chinese words recently. ",TORUKMACTO92,1438,2024-09-01 03:45:59,https://i.redd.it/10rdrn2fd4md1.jpeg
Is bro so desperate for content he started reacting to his own videos?? ,Friedrichs_Simp,1436,2024-09-29 13:30:16,https://i.redd.it/gh49gnp63rrd1.jpeg
Helldivers 2 Discord Moderator Bans Anyone Who Vomit React To Furry Art Instead of Timeout,PresidentofJukeBoxes,1594,2024-06-12 13:48:30,https://www.reddit.com/gallery/1de73gz
Dude get banned for a bad take and now we are missing out on this,Lebrewski__,1435,2024-10-19 14:37:48,https://i.redd.it/l6cj06g75qvd1.jpeg
Guy with 4mil subs rejected prime,Lost_Reference_4653,1436,2024-06-18 04:34:06,https://i.redd.it/zwm5dd1nd97d1.jpeg
Ah shit here we go again,xdlmaoxdxd1,1465,2024-02-11 02:30:44,https://i.redd.it/w8nzhgzxavhc1.jpeg
"New York Times ""fact checks"" RFK accusing corporations of poisoning Americans. Modern journalism is a joke",nothere9898,1428,2024-11-17 20:13:20,https://i.redd.it/56fz3ljxpi1e1.jpeg
Here they come,mort_goldman68,1469,2024-11-06 09:06:26,https://i.redd.it/38a9oz5ry8zd1.jpeg
Unbelievable that some people like her exist,Agreeable-Country-52,1424,2024-04-21 12:22:16,https://v.redd.it/zzgi1jk9stvc1
Ubisoft getting acquired ???,asiangirlfan,1427,2024-10-04 13:55:12,https://i.redd.it/cbjaz6y6wqsd1.jpeg
Josh Strife Hayes' thoughts on Palworld's success:,Gorotheninja,1419,2024-01-23 19:11:32,https://www.reddit.com/gallery/19dw8ae
GOING THROUGH COMMENT AND SAW THIS üòÇüòÇüòÇ,iiTzMYUNG,1426,2024-01-25 15:50:15,https://i.redd.it/aut16bkvxlec1.jpeg
Genocide experts,Fynn926,1427,2024-04-25 10:50:38,https://i.redd.it/jwq4qudkvlwc1.jpeg
Legacy media boycotting X. This will be an interesting 4 years.,SweetRoll789,1426,2024-11-13 11:50:15,https://i.imgur.com/RiMork7.jpeg
"Artificial Intelligence in 2013 VS Artificial Stupidity in 2024
Then Ubisoft blamed us for complaining ü§∑üèª‚Äç‚ôÇÔ∏è",Left-Frosting1688,1421,2024-09-30 12:53:59,https://v.redd.it/jcook4j51yrd1
Everything is fine at Ubisoft,Gildorlnglorion,1406,2024-11-17 13:26:27,https://i.redd.it/4y9j6spvqg1e1.jpeg
Tweet has been deleted.,bobbyfeddy,1407,2024-11-18 05:04:36,https://i.redd.it/n3vm1s4fel1e1.png
Japan people new guidelines for artist harrassment by western people.,Reasonable-Cap3389,1404,2024-10-14 08:28:18,https://www.reddit.com/gallery/1g3b2c5
"Oh, the taste of victory",N/A,1407,2024-08-24 19:55:39,https://i.redd.it/0o0umdoz2okd1.png
"I feel like Disney is a big problem, has been for the last years. Couldn't agree more with her.",CurrentMail8921,1408,2024-01-04 17:36:01,https://v.redd.it/3jx1tj2tlgac1
Conspicuous language ,IWearClothesEveryDay,1400,2024-10-28 17:05:37,https://i.redd.it/m1dlqog14jxd1.jpeg
It is what it is,Individual-Wasabi-5k,1410,2024-04-18 21:43:57,https://i.redd.it/txzn6jrr5bvc1.jpeg
Still can't believe your eyes,murderopolis,1404,2024-10-10 14:19:37,https://v.redd.it/n5o6eldxzwtd1
100% paid to lose,SatansTeddyBear666,1398,2024-11-20 18:09:54,https://v.redd.it/j7p07q8vj32e1
The internet never forgets for 3 months. But this should not be forgotten. ,waldjvnge,1387,2024-07-25 08:29:16,https://i.redd.it/zpyxdfa8lmed1.png
What is a woman?,ThatDKtho,1392,2024-11-15 10:35:23,https://i.redd.it/p67bcqdnm11e1.png
Ubisoft has cancelled their exhibition at Tokyo Games Show,kenchan03,1385,2024-09-24 12:11:22,https://www.reddit.com/r/Asmongold/comments/1foaxl8/ubisoft_has_cancelled_their_exhibition_at_tokyo/
"Star Wars Outlaws just dropped on steam, bro wasn't holding back any punches",_WEST1303_,1390,2024-11-22 17:17:42,https://i.redd.it/7y30s5lrkh2e1.png
Lol I understand why Suicide Squad is considered such a downgrade now,Ok-Nefariousness1335,1390,2024-02-08 23:15:12,https://v.redd.it/o6i1bqo82ghc1
Gamers will never learn.,deftoast,1399,2024-03-23 14:46:42,https://i.redd.it/zf2byjnij3qc1.jpeg
Who could of seen this coming,Stunning_Minimum_884,1389,2024-06-09 07:28:49,https://i.redd.it/y6t8d1tl0i5d1.jpeg
They knew (Concord),Mr_Mos__,1383,2024-09-04 13:22:38,https://i.redd.it/0agheoa1nsmd1.jpeg
Big Macs and minimum wage Circa 2022,boonmariachi,1383,2024-05-12 18:27:59,https://i.redd.it/v3tghagog10d1.jpeg
Streamer xjhannaa suspended for 14 days,kenny4351,1386,2024-05-20 04:09:28,https://i.redd.it/jpcws38jai1d1.png
So real,pambimbo,1380,2024-01-23 06:14:46,https://v.redd.it/s5wnitdlt4ec1
Amouranth has made over $57 million from her –ûnlyFans,twobqy,1383,2024-01-09 18:28:47,https://i.redd.it/yx091mkrjgbc1.jpeg
Nintendo strikes again!,GandaIf2,1385,2024-12-17 10:26:40,https://i.redd.it/58r9qqxfyd7e1.jpeg
She‚Äôs got a point,IllustriousRub9796,1437,2024-02-24 05:07:21,https://v.redd.it/ykzj46tougkc1
Asmon is right (again),CurrentMail8921,1382,2024-04-17 00:22:16,https://v.redd.it/grhn39o6oxuc1
Pranking your mom that aliens are real,Fernmelder,1381,2024-06-09 03:01:14,https://v.redd.it/tbytw57rog5d1
It seems like this is the only subreddit where u can actually say what u belive in.. by reddit standards ofc,Quergo,1456,2024-09-22 11:45:15,https://i.redd.it/9x4ml8malcqd1.png
Tekken creators don't fuck around,DeusExPersona,1388,2024-01-04 10:19:43,https://i.redd.it/6rtjyeyofeac1.png
My man enjoys his Watch <3,Lagforgekeeper,1370,2024-01-25 11:00:48,https://i.redd.it/5tc0g2u2yjec1.png
You guys okay there UK?,Diskence209,1376,2024-09-13 04:32:07,https://v.redd.it/nobns2qg9cod1
Rich guy being based af,kroncw,1367,2024-02-15 13:26:40,https://v.redd.it/b5lftyti3ric1
This game could have killed Asmon,trydox1,1368,2024-10-15 19:18:43,https://v.redd.it/rgd2cbqxzyud1
"""They breached protocol and F@#*ing kidnapped her.""",N/A,1365,2024-05-14 10:53:27,https://i.redd.it/ozjhyp1dhd0d1.jpeg
idk what to say.,Existing_Library5311,1378,2024-05-20 19:04:04,https://v.redd.it/1zhml4s9qm1d1
Asmon was right.,Smartplay007,1363,2024-12-16 01:07:44,https://www.reddit.com/gallery/1hf7g6e
Alpha male turned beta faster than I can type this title out,Moonest5,1363,2024-09-07 03:56:04,https://v.redd.it/gpatl3rfx2nd1
Hey Nintendo,Swachuu,1364,2024-01-24 09:41:32,https://i.redd.it/kgnl6ieezcec1.jpeg
Asmon didn't think we'd notice that he's accidently glued his hand to his face,KeyRunB,1363,2024-10-07 10:36:33,https://i.redd.it/utxr1ufhbbtd1.jpeg
Grandma is wild ,N/A,1363,2024-08-23 15:28:58,https://v.redd.it/iystkekmmfkd1
A story in two parts,Sad_Wolverine3383,1366,2024-08-28 03:19:05,https://www.reddit.com/gallery/1f3084n
When you just lose. ,LordStrega,1363,2024-06-02 14:10:19,https://i.redd.it/z8ut4hvu164d1.jpeg
OP is scared for Steam's future,N/A,1368,2024-06-16 11:50:42,https://i.redd.it/ouar5hip9x6d1.jpeg
This in in the settings in the new Life is Strange  ,AlwaysskepticalinNY,1370,2024-11-03 16:48:11,https://i.redd.it/0eoof7heupyd1.jpeg
Call me a boomer but I absolutely loved this show!,a-capsicum-s,1359,2024-09-18 15:16:25,https://v.redd.it/883okhey3lpd1
Modders are unhinged,DatGuyMonos,1355,2024-06-30 17:36:21,https://v.redd.it/famc1cp0wq9d1
China is preparing Covid-24,Fernmelder,1358,2024-07-26 03:36:08,https://v.redd.it/d6oqjrnx9sed1
On Ubisoft's LinkedIn ,Parreirao2,1400,2024-09-11 16:01:36,https://i.redd.it/4su664sfd7od1.png
Microtransactions going nuts irl,airroars,1359,2024-04-21 16:02:24,https://v.redd.it/8tl2mfsevuvc1
"If you won't satisfy my standards and interests in gaming, then satisfy my stomach and flip burgers. My money, my rules. ",philipralphkun,1354,2024-12-09 12:52:50,https://i.redd.it/fgm2fe68lt5e1.jpeg
What do you think ?,N/A,1352,2024-06-25 12:49:39,https://i.redd.it/8vgi2tpcsp8d1.jpeg
Fuck a Big Mac‚Äîthis is the real problem,p03-,1353,2024-05-18 23:18:03,https://i.redd.it/l85yljkwp91d1.jpeg
Assassins Creed Shadows Delayed To February 14,N/A,1521,2024-09-25 16:07:01,https://i.redd.it/2wvbeu7ibzqd1.jpeg
The opening ceremony of the 2004 Olympic Games in Athens paid tribute to the rich history and cultural heritage of Greece.,BannedBecausePutin,1351,2024-07-29 13:36:16,https://v.redd.it/5013k3exoffd1
At peace and some women will still complain they‚Äôre not out clubbing.,Mini-Boza,1346,2024-10-10 11:48:32,https://v.redd.it/ecqsclr13xtd1
The truth no one wants to accept,IllustriousRub9796,1350,2024-12-14 02:35:16,https://i.redd.it/avfu4vlc7q6e1.jpeg
Bring us bloodborne,Danilocking,1346,2024-05-06 17:08:54,https://i.redd.it/3mk7knc09uyc1.png
Twitch experiencing adpocalypse,Serados14,1342,2024-10-26 00:06:31,https://i.redd.it/56ltd7gsrzwd1.png
Gen Z and Millennials have every reason to be enraged ,gravityVT,1349,2024-04-25 17:26:05,https://v.redd.it/2gnatp45unwc1
Ooh shit that took a turn,BackHandLove,1346,2024-02-07 18:20:41,https://v.redd.it/aooihsvrg7hc1
It didn't stand a chance,StarboyBellyjewel,1314,2024-08-29 14:01:50,https://v.redd.it/up24qd8i0mld1
Concord,Pokepunk710,1308,2024-10-15 06:50:31,https://i.redd.it/75r0qhagavud1.png
Thank You,Relevant-Sympathy,1310,2024-12-02 23:06:53,https://i.redd.it/506nvhua8d4e1.png
Guys literally only want one thing ,Fernmelder,1310,2024-09-14 23:19:04,https://v.redd.it/tm6fe95kyuod1
"No DLC, and no paid skins, just top tier with the default outfit. Uncle is there for the love of the game!",goldensnakes,1314,2024-08-01 12:09:50,https://www.reddit.com/gallery/1ehf21t
Based Steam ,Evenix66,1310,2024-11-22 03:37:02,https://i.redd.it/xhpj0dkkid2e1.jpeg
Well made and fun > Glitchy crap where mods are needed to fix the game,Nyuha,1299,2024-01-27 20:20:43,https://v.redd.it/gdw4jqcwj1fc1
Stellar Blade has the best graphics and no one can tell me otherwise.,Leoxwhite,1332,2024-11-21 13:47:42,https://i.redd.it/tc69xodhe92e1.jpeg
Bye.,jadehammerfist,1293,2024-11-07 18:02:09,https://i.redd.it/e7m5o2q8rizd1.jpeg
Maybe make better games then,terriblerex,1293,2024-02-04 14:12:25,https://i.redd.it/soz9e0eqtkgc1.jpeg
What is that crosshair lmao,kalashnikov482,1297,2024-09-04 04:15:08,https://v.redd.it/9ii8yokcxpmd1
Intergalactic trailer now has MORE DISLIKES THAN CONCORD,matt_rumsey1212,1334,2024-12-17 15:33:40,https://i.redd.it/bx4760s7hf7e1.jpeg
The internet should be like this,N/A,1289,2024-06-16 14:48:55,https://v.redd.it/raifojyh5y6d1
Over a Million Dislikes,JohnnyTeoss,1297,2024-12-19 11:34:41,https://i.redd.it/7zgwqkm8ks7e1.jpeg
Why can't cartoons be like this anymore?,IllustriousRub9796,1294,2024-02-07 07:08:08,https://v.redd.it/3a6hclhm44hc1
All of Reddit rn:,Temporary_Finish_242,1291,2024-11-07 19:34:30,https://i.redd.it/ebwxf5zp7jzd1.jpeg
Chumba wambas,Ancient-Ice7631,1289,2024-08-29 17:23:51,https://v.redd.it/i4xrn4nl0nld1
Tell me you've never been near a woman's body without saying so.,FaithlessnessAny8202,1295,2024-04-02 15:52:40,https://i.redd.it/oqjq4lgi83sc1.jpeg
"Maybe they are shit, but at least they are expensive",N1Nicker,1290,2024-11-29 14:29:38,https://i.redd.it/p6hhqbx9pu3e1.png
Are you playing Stellar Blade?,Fernmelder,1310,2024-04-07 03:51:39,https://i.redd.it/yhxp6smfczsc1.jpeg
I know asmon is against killing a person without trial. But i want to see his opinion on this.,Smartplay007,1292,2024-12-13 16:03:32,https://i.redd.it/c5ofzaaw2n6e1.jpeg
Hang in there! ü§£,TrueLizzard,1288,2024-10-10 17:30:14,https://i.redd.it/23hyjzlurytd1.png
GTA 7 expansion,mayankpi,1284,2024-10-12 17:13:32,https://v.redd.it/v5un3ynuycud1
It‚Äòs over for Stellar Blade haters,Drow1234,1274,2024-04-04 14:52:50,https://i.redd.it/ody23msn7hsc1.jpeg
A little late but it‚Äôs still true,Afraid_Zucchini_6689,1277,2024-11-07 01:28:34,https://v.redd.it/7ocmy6nytdzd1
The feels...üíî,SGTDoomer,1277,2024-12-05 08:53:16,https://i.redd.it/ix3dxacuuz4e1.jpeg
Chat is this real?,Longjumping_Duck_211,1274,2024-11-17 07:04:10,https://i.redd.it/cglain6wue1e1.png
"Zackrawrr does not show up on my followed channels anymore despite 47k viewers, not searchable either",F1AWS,1272,2024-10-29 18:20:25,https://i.redd.it/wyu2yug4mqxd1.png
It's crazy how race obsessed these people are.,knock_his_block_off,1297,2024-03-25 16:40:02,https://www.reddit.com/gallery/1bni87o
The average Zackrawrr viewer be like,Fernmelder,1272,2024-08-21 21:23:38,https://i.redd.it/30d4dig043kd1.png
This is wild,Pitocles,1268,2024-07-28 04:04:56,https://i.redd.it/p9svah8wo6fd1.jpeg
Imho characters don't need to look extremely hot to look good. They just need to look appealing enough to NOT actively prevent people from buying your game.,Elden-Cringe,1266,2024-12-14 07:44:13,https://i.redd.it/tvncuwkpqr6e1.jpeg
Helldivers Community Manager has deleted her account,N/A,1270,2024-05-04 15:15:16,https://i.redd.it/nsz51wfwefyc1.jpeg
"""Just a Hug""",twobqy,1268,2023-12-29 14:27:56,https://i.redd.it/cg0zgmmru89c1.jpeg
camera man know his aasignment,ignis_rage,1269,2024-08-03 12:25:50,https://v.redd.it/msihs7bqzfgd1
10K to cry in a pool with 40 other man...,skskaar,1266,2024-07-09 07:39:09,https://v.redd.it/p7rrsdx30dbd1
We definitely live in the weirdest timeline,BinksMagnus,1263,2024-10-28 07:30:50,https://i.redd.it/ftyiz05f9gxd1.jpeg
Stupid apples,Fernmelder,1313,2024-08-06 02:57:24,https://v.redd.it/ba3a29g1lygd1
She makes a great point,adamttaylor,1293,2024-05-30 02:57:20,https://v.redd.it/j5j53y2r3g3d1
Why is it controversial?,Shiro4365,1264,2024-09-18 08:07:49,https://i.redd.it/xzwb0knmzipd1.jpeg
True Hero.,Potential_Bit_3620,1262,2024-11-11 04:11:21,https://v.redd.it/ixxnvywn670e1
"A cult classic from 4chan, NSFW maybe but the censor should be enough ether way",X_SpiDeR_14,1269,2024-04-17 16:24:37,https://i.redd.it/ojdju5vvf2vc1.jpeg
Just don't make them ugly,Yeflacon,1265,2024-09-11 11:33:15,https://i.redd.it/nqoh4jj2w4od1.jpeg
Here we go again lol,kupop0w,1263,2024-07-01 22:32:12,https://i.redd.it/uls664jphz9d1.png
Oof,Successful_Web_4198,1267,2024-07-28 14:49:58,https://i.redd.it/l2fsru2zv9fd1.jpeg
They actually did it!,East_Tomatillo_6991,1265,2024-06-17 15:18:25,https://i.redd.it/p2wxo5dof57d1.jpeg
"Not only men, normal female gamers also wants their in-game characters to look good. Ez Money there",calkch1986,1260,2024-09-13 16:10:35,https://v.redd.it/6kv48sa7plod1
"No fucking way, dude.",dbaum90,1257,2024-06-01 17:58:10,https://v.redd.it/62cn4bgl104d1
My setup vs my wife's. ,vidic17,1251,2024-11-13 14:31:24,https://v.redd.it/yt68dlz3jo0e1
"Bernie Sanders calls for income over $1 billion to be taxed at 100%: ""People can make it on $999 million""",Win8869,1307,2024-12-03 20:42:10,https://i.redd.it/xkvm0ut0fj4e1.jpeg
Lord of the Rings as an early 90s anime. ,IllustriousRub9796,1255,2024-11-17 16:24:07,https://www.reddit.com/gallery/1gth73n
WE LIVE BOYZ,Cypher1643,1253,2024-10-29 17:07:42,https://i.redd.it/l2d6oyx99qxd1.png
The cope is real LMAO,Gildorlnglorion,1350,2024-12-22 13:35:55,https://i.redd.it/bsah36ipke8e1.png
The best motivation for working out,Nickulator95,1249,2024-02-14 13:39:38,https://i.redd.it/xoxqbnr01kic1.jpeg
Devolver Digital just being honest as fuck,Hot_Adhesiveness5602,1248,2024-10-05 20:05:58,https://i.redd.it/pmypzpb6vzsd1.png
The dildo of consequences rarely comes lubed,diegoqfp8,1255,2024-11-12 07:18:52,https://v.redd.it/4wssho4o8f0e1
"New research on female video game characters uncovers a surprising twist - Female gamers prefer playing as highly sexualized characters, despite disliking them. ",alliwantisburgers,1249,2024-10-30 10:20:05,https://www.psypost.org/new-research-on-female-video-game-characters-uncovers-a-surprising-twist/
I personally believe that a good fantasy setting should have a healthy mixture of both,TajineEnjoyer,1250,2024-06-01 16:47:09,https://i.redd.it/hli86dlfls3d1.jpeg
GIF replies only: how would she be portrayed in a game?,_D80Buckeye,1240,2024-09-16 21:02:16,https://v.redd.it/as8q9c4uj8pd1
Bro teaches math better than my teacher,Snoo61478,1243,2024-02-14 08:49:52,https://v.redd.it/eibxn16bliic1
Baldy kept an undeniable proof of inflation. This belongs in a museum. ,KaiserZoldyck,1242,2024-10-23 15:51:58,https://i.redd.it/c2bfnwzb2jwd1.jpeg
I mean are they wrong for not wanting psn,Shiro4365,1245,2024-05-03 21:47:42,https://i.redd.it/gtxiqn148ayc1.jpeg
Asmongold catchphrases through the years,ScrewdriverVolcano,1240,2024-01-31 21:12:03,https://i.redd.it/iiwtyq6vcufc1.png
I love Jesus,Mathster0598,1239,2024-10-31 11:44:41,https://i.redd.it/7nebghnix2yd1.jpeg
What radicalized you?,intelguy2003,1244,2024-11-10 18:30:03,https://i.redd.it/pe4bobfya40e1.png
Damn Girl,Serados14,1237,2024-09-13 15:18:08,https://v.redd.it/w40w8wtqflod1
Never disrespect others countries cuisine,RoyalJoys,1236,2024-05-02 15:51:50,https://v.redd.it/aogoxtjnb1yc1
It‚Äôs starting guys ,Bright-Repeat-4616,1239,2024-12-14 23:06:03,https://i.redd.it/trik1xt6bw6e1.jpeg
The hammer of justice is coming ,N/A,1235,2024-11-14 06:24:07,https://i.redd.it/xognei539t0e1.jpeg
"STAR WARS ACOLYTE ""FIRE IN OUTER SPACE IN VACUUM WITHOUT OXYGEN"".MAN MY EXPECTATIONS WERE LOW BUT WTF 180 MIL FOR THIS SHIT SHOW IS CRAZY",N/A,1293,2024-06-06 05:45:01,https://v.redd.it/cxyba6ic3w4d1
"Most likely Asmon right now, living healthier than ever and witnessing Twitch nuking itself out of existence",leeverpool,1235,2024-10-26 09:06:55,https://i.redd.it/xd53bfimg2xd1.png
Elon having Asmonds back,Equilybrium,1234,2024-03-16 07:22:59,https://i.redd.it/ar35hd03enoc1.jpeg
Based,Tohsakas-Anus,1228,2024-07-04 15:06:45,https://i.redd.it/y9imwni3piad1.jpeg
sounds about right,Handa26,1232,2024-04-23 09:50:30,https://i.redd.it/z0m26mgma7wc1.png
Tomb Raider,ironandcarbon,1226,2024-10-20 12:48:05,https://i.redd.it/fr9jnxjsqwvd1.jpeg
Bro just awaken,TiffanyViolet,1222,2024-06-10 12:08:05,https://v.redd.it/fv668z4cjq5d1
Sean Murray (No Man's Sky Dev) also joined the fun,SportyBoyF4,1225,2024-01-25 15:52:54,https://i.redd.it/cq464wbfylec1.png
The glitch in matrix ,Russoi,1225,2024-01-14 03:39:17,https://v.redd.it/ijucqajntbcc1
Lord of the Rings if it was filmed today,AndrelaAstraan,1227,2024-01-09 12:59:49,https://i.redd.it/qhag0uq3xebc1.jpeg
One day apart between both posts,Oakenfell,1217,2024-05-20 17:21:09,https://i.redd.it/ajc8mf008m1d1.png
"ah, here they come.",Existing_Library5311,1214,2024-04-15 17:22:53,https://i.redd.it/shmqx7iegouc1.png
Gun Self Defense,N/A,1216,2024-01-22 04:58:43,https://v.redd.it/7rwdwyigaxdc1
Finally a Good Review,diegoqfp8,1220,2024-11-12 17:53:10,https://i.redd.it/byt14ybzdi0e1.jpeg
Am I the only one sick of this genre?,terriblerex,1214,2024-02-16 09:24:52,https://i.redd.it/5tzoji0e1xic1.jpeg
Japan is not having it with Western identity politics,Fernmelder,1283,2024-01-17 04:02:04,https://v.redd.it/1ktzvrdfcxcc1
"Here's the full clip of the Redface Fight. There's more to it, especially the ending.",calkch1986,1222,2024-04-15 05:36:44,https://v.redd.it/xjb781xgykuc1
Streamer (lordbalvin) gets killed by battle net pop up ,yo_meech,1219,2023-12-29 09:28:32,https://v.redd.it/wpth4mndd79c1
They are having a meltdown over at gamingcirclejerk.,PoohTrailSnailCooch,1211,2024-12-09 22:25:03,https://i.redd.it/trcpyyafkq5e1.png
"Thanks, Dad",dbaum90,1216,2024-04-24 16:49:34,https://v.redd.it/cizk9qupigwc1
Yep that what gonna happened if you pick the bear,Agreeable-Country-52,1224,2024-04-30 15:51:00,https://i.redd.it/t6ad45qc1nxc1.jpeg
It‚Äôs time to be serious about this game,Mr-Showbiz,1288,2024-08-26 12:51:31,https://i.redd.it/12l5em3a90ld1.jpeg
Predator: Hunting Grounds DLC has landed,nerdtome,1216,2024-07-08 15:48:07,https://i.redd.it/xkyy03dxfbbd1.png
People in the UK right now,Totte106,1219,2024-08-10 10:12:49,https://v.redd.it/cs5y91v7athd1
A cardboard box could work also,Valandor,1215,2024-09-12 18:41:56,https://i.redd.it/xurtydu5bfod1.jpeg
Money glitch,dbaum90,1214,2024-09-06 18:07:43,https://v.redd.it/pdd5kpxpb8nd1
Oof,Okay_Gonzo,1209,2024-06-24 12:20:15,https://i.redd.it/xr2z3lv9ii8d1.jpeg
As a fellow baldy this is too real,thelurkingclass,1210,2024-12-12 16:59:27,https://i.redd.it/8du3cxoy7g6e1.jpeg
"""Asmongold is an Avatar of the Gaming Community, if you forget that (as a game developer) you do it at your own peril"" ~Thor, Pirate Software",Reasonable_Guest777,1210,2024-12-03 10:40:21,https://v.redd.it/aksshi0f2m4e1
Apparently this band was offered by Rockstar to use their song in GTA 6 but refused because it was for $7500 in exchange for future royalties,EtoDesu,1214,2024-09-08 17:13:12,https://i.redd.it/fq6y59ozmgnd1.png
NYC LMAO,N/A,1212,2024-08-28 14:19:30,https://v.redd.it/izzstcjsyeld1
When it‚Äôs that fucking good. ,tex2934,1217,2024-11-24 14:05:58,https://i.redd.it/zhesgoolwu2e1.jpeg
New Adobe License policy,Efficient-Tap5585,1204,2024-06-09 01:58:05,https://i.redd.it/vsjvbukldg5d1.jpeg
Assassin's Creed Shadows uses Japan's National Treature for advertistment without authorization that is labelled as not allowed for commercial use,qq0922752888,1205,2024-07-16 14:52:55,https://i.redd.it/zukmrlkf9wcd1.png
Kingdom Come Deliverance continues to not give a fuck...,TrodorEU,1205,2024-12-08 11:32:33,https://v.redd.it/o8cqc2pu1m5e1
I‚Äôll just leave this here (30 sec watch),Sneak-E-Dog-E,1212,2024-01-19 13:30:05,https://v.redd.it/hlnwuuclfedc1
Living up to the stereotype,False-Ad273,1204,2024-07-08 16:50:52,https://i.redd.it/4220ponkdabd1.jpeg
Steam Makes a Move to Save Palworld?,AssassinOTL,1203,2024-09-27 16:38:18,https://i.redd.it/hvbdi4jmqdrd1.png
I'm in-,73NoTradition,1207,2024-09-16 02:51:21,https://v.redd.it/rhl2fdd753pd1
"YouTube, it's not that deep bro...",2024olympian,1198,2024-10-01 03:11:17,https://i.redd.it/t6beixoka2sd1.jpeg
"Gaming is better than ever, We're only focusing on the negative aspects ",Bright_space9652,1204,2024-11-27 13:17:47,https://i.redd.it/zbof0fhq2g3e1.jpeg
Perfect balance,IllustriousRub9796,1201,2024-11-17 05:45:30,https://i.redd.it/b74aa6kxge1e1.jpeg
Sad and true,Wholeass_Swanson,1209,2024-02-15 10:29:26,https://i.redd.it/tmwtivzz7qic1.jpeg
How rare a single 6‚Äô5 man like this actually is,gravityVT,1204,2024-05-17 22:41:15,https://v.redd.it/y81cpj3ee21d1
Toddler is undefeated,the_hardly_boys,1198,2024-04-21 17:32:20,https://v.redd.it/9ab6850mbvvc1
When trusting the science requires armed guards,Xchixm,1201,2024-02-17 18:39:30,https://v.redd.it/01bd6106x6jc1
The best content from past protests... so far,airroars,1199,2024-05-27 09:06:34,https://v.redd.it/chn782i3qx2d1
"""Women in eastern video games aren't realistic"". Meanwhile in east asia...",Fernmelder,1312,2024-01-10 14:17:44,https://v.redd.it/uvbmym1xfmbc1
I can't anymore,melinasfootstool,1195,2024-11-14 09:53:24,https://www.reddit.com/r/Asmongold/comments/1gr1ejn/i_cant_anymore/
how Redditors undermine their own beliefs,Better_Campaign_4404,1202,2024-06-19 20:03:46,https://i.redd.it/r4bqw4ia4l7d1.png
"Lool 200hrs rookie numbers. What does that make 10,000 hrs in poe?",Physical-Necessary-6,1264,2024-10-16 10:02:53,https://i.redd.it/ggh3exlod3vd1.jpeg
How can you F up this hard ,Danilocking,1198,2024-12-08 18:55:46,https://i.redd.it/looe3pgc8o5e1.png
The Twitch CEO has a message,Snicker10101,1189,2024-11-01 15:03:10,https://i.redd.it/q3xopjfs1byd1.png
What level of findom is this?,Fernmelder,1234,2024-01-24 23:47:26,https://i.redd.it/g8u5tdc86hec1.png
In the wake of the drama. Let's all appreciate the smaller streamers that also work a full-time job.,Dirty_Rapscallion,1187,2024-02-29 01:17:36,https://i.redd.it/mcm9y2qcdflc1.png
"After IGN stopped botting the results, BM:W is back in first place ",JakubJanusz,1189,2024-10-03 11:51:54,https://i.redd.it/xgqkuf4a5jsd1.png
What do you guys think,LazyRock54,1180,2024-12-10 03:38:36,https://i.redd.it/c6a3twzotw5e1.jpeg
"The Quartering - ""It wasn't Asmongolds viewers that demanded an apology, it was mainly weirdos online who don't watch his content"" ",CreativeGiggle,1256,2024-10-17 23:04:42,https://www.youtube.com/watch?v=X-JEqEH2DzM
Bad signs for Spiderman 3,dragon916x,1191,2024-10-06 05:46:20,https://v.redd.it/qiq9gz5sq2td1
Feel old yet?,prnkh,1181,2024-08-20 12:39:57,https://i.redd.it/y7lxe7vqdtjd1.jpeg
Girls are ruthless to each other...,mazini95,1188,2024-07-23 06:47:25,https://v.redd.it/lndcc6gzs7ed1
The new Right -- almost all of them were staunchly on the left at some point,Jorah_Explorah,1182,2024-11-06 22:42:09,https://i.redd.it/84qabwq60dzd1.png
Almost made her squirt right there,Snoo61478,1175,2024-02-11 15:36:30,https://v.redd.it/nhknoib47zhc1
Chinese Trump (TrumpbyRyan) has an Asmon Response,The_Vultur3,1181,2024-12-20 09:51:12,https://v.redd.it/0vsgz05u6z7e1
Real reason Men go to the Gym,flamegrilledwhopper,1180,2024-06-24 16:47:24,https://v.redd.it/pnvs92koec8d1
"Just finished Hellblade 2, 30% of the game is literally this.",Skolxz,1183,2024-05-24 20:50:28,https://v.redd.it/0tztfgw4sf2d1
If it's Immersion you want...,josencarnacao,1182,2024-05-06 07:17:26,https://v.redd.it/r5vax97jbryc1
Zack. You promised us. It is time for The Judgement Day. RELEASE THE LIST!,melinasfootstool,1173,2024-11-12 01:17:19,https://i.redd.it/l6oyxasigd0e1.jpeg
The real reason for Concord's record low numbers,Totte106,1189,2024-09-06 11:47:15,https://www.reddit.com/gallery/1fad5de
How to satisfy the gaming media....,Thundernutz79,1180,2024-04-29 14:36:55,https://i.redd.it/1d1gowzljfxc1.jpeg
I reckon it uplifted the community,agorafilia,1172,2024-12-06 15:58:09,https://i.redd.it/1zbo1kzj395e1.jpeg
"2 Million Apes. Together, Strong.",SatisfactionNo7195,1169,2024-08-20 12:23:43,https://i.imgur.com/7o6jrqZ.jpeg
Gamers love Gemma,No_Personality_2698,1174,2024-06-07 04:50:38,https://v.redd.it/zd663iqgy25d1
Yeah sure‚Ä¶,ResponsibleNight8027,1169,2024-11-30 22:39:23,https://i.redd.it/zoec47vaa34e1.jpeg
Concord cameo in Astro Bot,BarkMetal,1147,2024-09-07 11:32:28,https://i.redd.it/p7r5z7y3idnd1.jpeg
Sony please break the glass,Absolve30475,1162,2024-09-04 01:15:43,https://i.redd.it/7c6gs4jc1pmd1.jpeg
The Qunari character design,PixelSaharix,1158,2024-10-30 20:46:32,https://i.redd.it/6u7db3o9hyxd1.jpeg
What men want,Lacryman,1150,2024-03-15 18:01:44,https://v.redd.it/jhspti44fjoc1
The Japanese are brutal~,calkch1986,1145,2024-08-17 09:31:05,https://i.redd.it/dp8jzwp817jd1.png
Chad lol,N/A,1161,2024-03-02 20:50:13,https://i.redd.it/boxzigjwrylc1.jpeg
Paul Tassi really having hard time believing the player counts on Concord launch day.,AlertResolution,1153,2024-08-24 19:33:03,https://i.redd.it/d7v6y5wqynkd1.png
They don‚Äôt know when to stop,N/A,1163,2024-10-10 19:08:46,https://i.redd.it/65kdr8sl9ztd1.jpeg
"""Japanese historian"" turned out to be a fraud pretending to be Japanese ",EtoDesu,1147,2024-06-17 19:20:50,https://www.reddit.com/gallery/1di6gow
He is me ,Road2Potential,1141,2024-12-13 13:34:38,https://i.redd.it/19yy3mrbcm6e1.jpeg
Apple BS is unbelievable ,BackHandLove,1166,2024-06-03 13:17:22,https://v.redd.it/d5l3oo4bxc4d1
Old but classic,ignis_rage,1144,2024-09-08 13:49:32,https://v.redd.it/941awtwdblnd1
"Absolutely, horrendously massive L take",EtoDesu,1137,2023-12-31 03:47:01,https://www.reddit.com/gallery/18uyilg
Y'all be drinking this,Fahreed,1138,2024-07-06 09:06:44,https://v.redd.it/0h14f5io6vad1
Saved üòå,Mini-Boza,1138,2024-09-24 15:44:57,https://v.redd.it/y5vt1ann2sqd1
It's hard to be European because we've strange fantasies about other countries ,REUGENTO,1136,2024-06-17 02:36:17,https://v.redd.it/se84kpb9fv6d1
Destiny on Asmon original Take,nunotf,1142,2024-10-18 23:33:28,https://v.redd.it/v3j5jjq1olvd1
They're really still trying this...,Toxicwasabl,1129,2024-11-19 17:50:34,https://i.redd.it/v5zuwr54cw1e1.jpeg
Same people,YoMomsFavoriteFriend,1144,2024-04-28 13:10:20,https://i.redd.it/p1r4tv19z7xc1.jpeg
the flipping situation LMAO,maxnoodle,1133,2024-10-25 21:54:19,https://i.redd.it/9a5spj1e4zwd1.jpeg
An AI made this,Pleasant_Mountain335,1131,2024-07-25 14:06:51,https://v.redd.it/aqwqpvij9oed1
Always work,Lacryman,1129,2024-04-30 16:09:02,https://v.redd.it/cvioaklx4nxc1
Gabe Newell being a GIGACHAD,N/A,1128,2024-03-15 07:41:00,https://i.redd.it/u8s9078bcgoc1.jpeg
You don‚Äôt hate game journos enough,jmackfore,1136,2024-03-20 06:21:00,https://i.redd.it/3zj9yv5omfpc1.jpeg
This shit is too funny,Economy-Wafer8006,1125,2024-01-26 13:33:07,https://v.redd.it/rsaamdwiesec1
How The First Descendant advertise new skins.,Existing_Library5311,1130,2024-10-05 12:18:01,https://v.redd.it/my20k89ljxsd1
GOTY incoming? üëÄ,ListenSmart777,1125,2024-11-24 15:15:19,https://i.redd.it/jbvgjgjy8v2e1.gif
ERROR 404: Modern Audience Not Found,Sn0wWhyte,1122,2024-10-01 12:09:55,https://www.reddit.com/gallery/1ftmia0
Dancantstream tells Turkey Tom that twitch lost 70% of their advertisers because of Anti-Semitism,nunotf,1118,2024-10-26 13:05:00,https://v.redd.it/gv0b0su9n3xd1
Spitting some facts,Serados14,1124,2024-09-20 12:53:36,https://v.redd.it/53xf9oz7oypd1
KCDII developer is pissing off the right people,Master-Bowl7060,1125,2024-12-09 12:03:39,https://www.reddit.com/gallery/1ha879c
Good ole days,doctorbangarang,1120,2024-01-11 08:57:34,https://i.redd.it/5od8wdipzrbc1.jpeg
There it is guys ,Russoi,1121,2024-06-04 03:29:52,https://v.redd.it/48j2j5wa3h4d1
"Asmon, after getting too deep into his house cleaning that he accidentally unleashes an ancient evil onto the world ",another-account-1990,1121,2024-10-23 01:18:16,https://i.redd.it/3663mrjeqewd1.png
Moderation Update,magetea,1121,2024-10-30 01:33:32,https://www.reddit.com/r/Asmongold/comments/1gfbb72/moderation_update/
Diablo 4 team perplexed by this,HeySupYall,1114,2024-02-09 02:51:03,https://i.redd.it/x5xytryi4hhc1.jpeg
When its you against the establishment.. Bernie Sanders in 08/2022 after his amendment to cut Medicare drug prices by 50% fails 1-99,wanderinbear,1131,2024-11-11 18:57:17,https://i.redd.it/t3yo0qddkb0e1.jpeg
Streaming is probably the easiest job for its income bracket,aemich,1139,2024-02-27 20:40:28,https://www.reddit.com/r/Asmongold/comments/1b1mdma/streaming_is_probably_the_easiest_job_for_its/
Average public school friend group.,Smartplay007,1111,2024-12-18 23:36:52,https://i.redd.it/efvuncyb0p7e1.jpeg
"BREAKING: A massive strike has been launched at Boeing. 32,000 workers have walked out at the aerospace giant. 95% of workers voted to reject Boeing‚Äôs offer, and 96% voted to strike.",MrrNeko,1113,2024-09-13 18:12:46,https://i.redd.it/5mr9b4uyamod1.png
Bullied by pawns,oujnine,1120,2024-03-25 09:47:38,https://i.redd.it/qh1p5ld3cgqc1.jpeg
No cope at all by Mark Cuban. I'm kinda impressed,Jorah_Explorah,1111,2024-11-06 06:36:22,https://i.redd.it/70jz8ycx78zd1.png
"Everything I‚Äôm forced to learn about this game is worst than the last thing, this game is going to flop so hard.",_leeloo_7_,1120,2024-07-15 14:53:08,https://i.redd.it/zkifo7q6rocd1.jpeg
Not another one...,Omnioum,1141,2024-11-25 19:22:07,https://i.redd.it/qdz3td4kl33e1.jpeg
It‚Äôs learning,Lolzicolz,1109,2023-12-25 09:35:27,https://i.redd.it/xekyn2vyue8c1.jpeg
SBI is doubling down,ahjolinna,1108,2024-09-08 14:23:33,https://i.redd.it/g2rh3ksyglnd1.png
Honestly I feel bad for the halo fans especially the last few years ,NabilAmmali,1111,2024-04-22 09:20:55,https://i.redd.it/ivzosrcu00wc1.png
Good looking characters are not allowed!,dbaum90,1109,2024-02-16 17:20:49,https://i.redd.it/lw0079t4ezic1.jpeg
‚ÄúIt‚Äôs a video game‚Äù says the people mad about boobs in video games,N/A,1114,2024-07-27 10:38:57,https://i.redd.it/8wxgmwrv4ved1.jpeg
Men living on easy mode as always :),Raffarthas,1107,2024-04-03 21:05:26,https://i.redd.it/7lgiu8fpwbsc1.jpeg
ChatGPT going off ,Wunude,1103,2024-11-29 08:02:06,https://i.redd.it/ff6pxvq6ss3e1.jpeg
This is so true ,winkiloves23,1097,2024-05-19 05:20:16,https://i.redd.it/b26ifl3jib1d1.jpeg
You see that?,EMP-19,1099,2024-12-06 20:51:16,https://v.redd.it/fubyh3wlja5e1
Stfu and play the game.,Judi_sn10,1093,2024-07-04 23:35:56,https://i.redd.it/cuqtkwaq7lad1.png
And women say men don't communicate,Snoo61478,1097,2024-01-14 13:17:50,https://v.redd.it/fu9u83ruoecc1
"Our unwillingness to go quietly into the long dark, would one day turn the tide.",iLuv_Phat_Sluts_69,1095,2024-09-22 18:12:51,https://i.redd.it/b3vnw818jeqd1.jpeg
"End of an era, as digital copies are the new normal.",borislavk14,1098,2024-02-10 15:56:58,https://v.redd.it/rnv0kjvt5shc1
Wtf this shit is insane üòÇ,TheChamperDamper,1101,2024-11-10 20:25:43,https://v.redd.it/y4h8zasev40e1
Part 2 Vtubers are taking over,Ok_Rip_6946,1090,2024-07-07 07:38:14,https://v.redd.it/vhfmlpwsv1bd1
BASED GIGACHAD radio host SLAM DUNK response to a caller,pupu64,1115,2024-01-18 15:46:36,https://v.redd.it/ideh4y2vy7dc1
Where the single dudes at?,Snoo61478,1095,2024-03-07 14:37:23,https://i.redd.it/sfnlgq8bbxmc1.png
That Trump impression was on point!,Snoo61478,1094,2024-01-28 19:13:27,https://v.redd.it/cb6n2ws1d8fc1
10/10 cinematic masterpiece incoming. ,feelstmpman,1096,2024-11-30 09:17:49,https://i.redd.it/cvtr9tju5l3e1.png
FREEEEEDOOOOOM,Groooochy,1091,2024-10-01 11:52:53,https://i.redd.it/w39u21kkv4sd1.png
All-you-can-eat restaurant discount system.,notregular,1098,2024-04-18 11:52:25,https://v.redd.it/p16nh9e688vc1
"This boy gave a stranger too much information on Roblox, including his address and pictures of his mom, and the man showed up at his house at night üòü",Guddu277,1086,2024-09-14 19:23:49,https://v.redd.it/2xrgfgbhstod1
Aston Martin vs Jaguar,VegetableSuit861,1084,2024-11-21 11:15:48,https://i.redd.it/w0bltpugn82e1.jpeg
When I heard ex-bungie devs were on this game I was so happy now I‚Äôm sad.,Easy-Introduction-56,1088,2024-07-05 03:18:43,https://i.redd.it/nm7x5uoobmad1.jpeg
Hard R was just an excuse to patch outfits on Stellar Blade,Devnant,1103,2024-04-26 09:59:42,https://i.redd.it/8oblgvyerswc1.jpeg
"Reject modernity, Embrace tradition",LockHand,1085,2024-01-09 09:42:22,https://i.redd.it/p9qasojvxdbc1.jpeg
LMAO,Gildorlnglorion,1082,2024-11-25 17:25:46,https://i.redd.it/2sn6ff93133e1.png
Reduce the amount of politics post on this subreddit..,roryeinuberbil,1083,2024-10-16 19:08:03,https://www.reddit.com/r/Asmongold/comments/1g57css/reduce_the_amount_of_politics_post_on_this/
Real,Puzzleheaded_Craft51,1079,2024-10-25 12:27:46,https://i.redd.it/tczaijtpbwwd1.jpeg
Oh boy,N/A,1083,2024-08-19 16:04:47,https://v.redd.it/izrzxv8d9njd1
"Man ages over two decades, public shocked",tropicocity,1084,2024-07-02 02:25:41,https://i.redd.it/z4qfdp4x9z9d1.jpeg
Watching this as a Brit its crazy how much of a stomping it truly was ,0manx,1083,2024-11-07 10:20:37,https://i.redd.it/z72m0wwdwbzd1.png
Someone got Google AI to leak it Woke Promp injection lol. üòÇ ,Salmagros,1083,2024-02-22 07:23:23,https://i.redd.it/7hv4shr693kc1.jpeg
):,notregular,1091,2024-03-11 22:12:17,https://i.redd.it/0ekapdh54snc1.png
Men's non verbal communication!,Snoo61478,1078,2024-02-19 18:09:14,https://v.redd.it/i916pk3o1ljc1
Thoughts?,the0neRand0m,1077,2024-07-13 19:12:19,https://i.redd.it/1oxqnzy35ccd1.jpeg
"A Gaint Luce Statue is placed at Lucca, Italy.",ahjolinna,1073,2024-11-02 18:01:25,https://i.redd.it/xs1fm32k2jyd1.jpeg
When u hire wrong ppl to carry your success.,Ok-Accountant4298,1078,2024-06-14 18:46:44,https://i.redd.it/jamwecv32l6d1.jpeg
"Wow, main character insult the robot for being nice (dustborn)",sebitian,1075,2024-08-31 05:35:20,https://v.redd.it/jre5iak0sxld1
why do gamers not like epic store,No_Internal5004,1076,2024-06-01 07:52:19,https://i.redd.it/5hdp140uet3d1.jpeg
Who needs physics when u got family ,RoadRepresentative,1074,2024-06-20 18:59:23,https://v.redd.it/bv8vph1uxr7d1
Remember to vote with your wallet,Casardis,1080,2024-05-22 16:20:10,https://i.redd.it/aurce2vz602d1.jpeg
This is a real article,adamttaylor,1068,2024-07-04 05:59:00,https://i.redd.it/e3i1em69hdad1.jpeg
"The Man, Waifu, and Daughter",Zoner1501,1075,2023-12-31 05:08:12,https://i.redd.it/c2ijzbarck9c1.jpeg
"Hey Asmon, you're back to your old habits and not maintaining your room! ",AmatsuXD,1067,2024-12-16 02:48:41,https://i.redd.it/dcw1o89lj47e1.png
Dude actually died as an incel,notregular,1071,2024-08-26 15:34:44,https://i.redd.it/w3f99woa21ld1.png
Before and Now.,ItheraelFF,1066,2024-08-16 16:29:47,https://i.redd.it/1txoh06xy1jd1.jpeg
Based Sam,Emotional_Engine9,1071,2024-03-20 13:21:52,https://i.redd.it/93lit46pphpc1.png
The man himself,Agreeable-Country-52,1064,2024-02-26 11:32:40,https://i.redd.it/195o14x61xkc1.jpeg
The stark difference: The American dream,calkch1986,1068,2024-01-06 10:19:23,https://i.redd.it/bunj0amk3rac1.png
"We need to ditch Nexusmods and Gamebanana, (Ayakalounge.me is new site mods!)",SayaKisaragiPrincess,1064,2024-12-01 12:24:20,https://i.redd.it/go1h0xrbc84e1.png
A story in 3 parts. ,DukeTorpedo,1061,2024-09-07 12:43:31,https://www.reddit.com/gallery/1fb628j
Linux users yesterday,N/A,1062,2024-07-20 16:42:31,https://v.redd.it/0sdv6xbmcpdd1
From Cyberpunk RPG 1995 (The Nomads of North America),diegoqfp8,1053,2024-11-11 17:47:26,https://i.redd.it/02dswe1h7b0e1.png
The most consistent game on Steam,N/A,1054,2024-09-23 15:47:01,https://i.redd.it/oxt5rno7xdqd1.png
Sony's Stellar Blade Censorship is causing a gamer revolt,Zoner1501,1072,2024-04-29 02:29:26,https://i.redd.it/bxkjwlgtxbxc1.jpeg
this is the most american thing you'll ever see today- and i'm being dead serious rn,thorodinson1021,1053,2024-11-26 22:47:49,https://v.redd.it/w0fvfh3r2a3e1
The Minecraft movie looks like an absolute trainwreck,Nickulator95,1055,2024-09-05 17:05:40,https://i.redd.it/4gj24fkqv0nd1.jpeg
Do not look it up under any circumstances,ArgentVampire,1056,2024-01-18 10:36:00,https://i.redd.it/0fjvcbgef6dc1.png
Their already lining up lol,ALRUN0,1058,2024-09-21 22:02:21,https://i.redd.it/trv31089j8qd1.jpeg
Twitches real identity...,Fit-Pay7577,1055,2023-12-29 02:30:42,https://i.redd.it/o4odma5ua59c1.jpeg
Armored MMA goes hard,Zerxis654,1051,2024-07-16 15:57:21,https://v.redd.it/v14hurv0lwcd1
They`re starting to get really desperate LMAO,Gildorlnglorion,1052,2024-07-03 17:55:12,https://i.redd.it/t0hectlkdcad1.png
This sub scrolling Reddit right now :,StalwartPro,1047,2024-11-06 11:52:49,https://v.redd.it/gmo1jaecs9zd1
Someone found real life Makima ( ¬∞0¬∞),Valandor,1049,2024-08-15 21:24:36,https://i.redd.it/1bjok63oawid1.jpeg
Talking about the tipping culture,Fernmelder,1105,2024-01-02 04:05:43,https://i.redd.it/hpy45okfby9c1.jpeg
Someone finally put this to words perfectly,Khelouch,1049,2024-02-11 19:29:54,https://i.redd.it/zg7eubshc0ic1.jpeg
Sheikh I fell down today,ArgentVampire,1042,2024-03-19 05:29:23,https://v.redd.it/yodp5hu688pc1
Esfand spitting facts ,RoadRepresentative,1047,2024-01-11 16:36:17,https://v.redd.it/c0xc50nj9ubc1
What's the difference?,CheesyShinobi,1050,2024-01-05 01:06:08,https://i.redd.it/n439ljn4uiac1.jpeg
Priorities,Valandor,1039,2024-09-09 21:51:59,https://i.redd.it/kn9ewh2euund1.jpeg
This world is doomed. How can you even defend this?! Should be banned to represent in the Olympics... ,ki720,1042,2024-07-31 00:05:26,https://v.redd.it/wt0a3sbwwqfd1
Asmon's take on the layoffs,Drow1234,1087,2024-01-26 19:46:06,https://i.redd.it/qneb8i039uec1.png
The experience for the average Asmongold Enjoyer,Fernmelder,1042,2024-05-22 02:24:34,https://v.redd.it/zo0osf0x1w1d1
90s/00s was peak human civilization,N/A,1043,2024-02-19 19:05:22,https://i.redd.it/nd0r77xobljc1.jpeg
Would you take the risk? ,Abject-Ad-6644,1039,2024-11-30 22:00:15,https://i.redd.it/6cexas0j244e1.jpeg
Government forced man to lose weight,mayankpi,1040,2024-10-07 03:22:52,https://v.redd.it/1cdzl0b169td1
Nintendo museum caught using emulators,adamttaylor,1041,2024-10-14 23:50:12,https://i.redd.it/qzgwgqng7tud1.png
"New day, new ways to get offended ",N/A,1039,2024-07-19 18:40:15,https://i.redd.it/o1q6g6nrsidd1.jpeg
Subreddit Update: No More Politics,Fernmelder,1046,2024-12-04 21:15:21,https://v.redd.it/wpvodgyjdw4e1
Asmon‚Äôs editor pulling the receipts for his #1 hate watcher,barry-savitar-allen,1040,2024-11-04 01:41:04,https://youtu.be/r6ukP6N_tDM?si=9jy3GIc2tGQIp6fd
Stop making men attractive in videogames. I feel objectified.,Dezag23,1037,2024-12-10 15:09:48,https://i.redd.it/rez6ldl0tt5e1.jpeg
TRUE,SGTDoomer,1034,2024-12-05 23:59:16,https://i.redd.it/rratflbhc45e1.jpeg
Tifa,Morles311,1034,2024-10-19 15:25:05,https://i.redd.it/8w0jvcfwdqvd1.png
"Yeh, its gonna be a $100+ game",Slicky_Slick,1039,2024-09-23 14:33:03,https://v.redd.it/rpr162kd7gqd1
"""Ah, allow me to forewarn thee.""",NemEmc,1038,2024-07-03 14:09:33,https://i.redd.it/3frcmpxv9bad1.jpeg
Based Kojima,zwillnas,1042,2024-01-11 14:34:01,https://v.redd.it/tnxs5b0qntbc1
When r/gamingcirclejerk make 20 posts persecond about hogwart legacy on release date,sankoor,1030,2024-01-14 11:03:06,https://i.redd.it/ucxfrz3u0ecc1.jpeg
2B around the world,36Celsius,1031,2024-11-14 14:41:37,https://i.redd.it/uv52jkmrpv0e1.png
Women most affected...ü§¶üèª‚Äç‚ôÇÔ∏è,PlannedOrphan,1033,2024-09-18 13:32:27,https://www.reddit.com/gallery/1fis6ca
The female characters in Wukong and the real life models compared,Valandor,1034,2024-08-27 23:21:59,https://i.redd.it/rkjdadwhiald1.jpeg
On no! Anyway...,ItheraelFF,1030,2024-09-04 15:18:27,https://i.redd.it/nk5vkevm7tmd1.jpeg
Let me laugh even harder,Optimus_13,1034,2024-10-24 22:39:16,https://i.redd.it/r34atke06swd1.jpeg
Thoughts?,pambimbo,1052,2024-10-25 03:35:49,https://i.redd.it/suol0zutotwd1.png
Guess they never watched the shows,Captain_Rex_,1030,2024-12-12 09:50:25,https://i.redd.it/sb2nephpq86e1.jpeg
MMA ref standing on business,Zerxis654,1033,2024-07-29 09:25:12,https://v.redd.it/yqrvbssweffd1
Nearly every western game studio is like this.,Ok-Resolution7918,1030,2024-12-13 16:42:00,https://i.redd.it/1m9zl4ar9n6e1.jpeg
"Ngl I personally hate motion blur, it annoys me af.",Leoxwhite,1032,2024-11-05 17:37:07,https://i.redd.it/fv2if7pvc4zd1.png
"You had me in the first half, not gonna lie.",CoachCreamyLoveGoo,1097,2024-09-27 22:51:55,https://i.redd.it/4omasqeklfrd1.png
Elon musk got a letter from an european commisioner,rijsbal,1111,2024-08-12 19:12:31,https://i.redd.it/mzrkaqo58aid1.jpeg
Venezuelan gangs taking over Aurora Colorado apartments ,SeaRecipedave,1045,2024-08-30 10:38:58,https://v.redd.it/me2ao7r95sld1
